2025-05-11 12:34:39,968 - TimeTracker - INFO - Обновлен список приложений: 126 процессов
2025-05-11 12:34:48,214 - TimeTracker - INFO - Вычисленная длительность: 1.00137 секунд
2025-05-11 12:34:48,214 - TimeTracker - INFO - Для приложения chrome.exe выбран ID={'server_id': 137}
2025-05-11 12:34:48,214 - TimeTracker - INFO - Отправляем клавиатурную активность: 53 нажатий
2025-05-11 12:34:48,214 - TimeTracker - INFO - Отправка активности: start_time=2025-05-11T09:33:22.808402Z, end_time=2025-05-11T09:33:23.809772Z, длительность=1.00137 секунд
2025-05-11 12:34:48,214 - TimeTracker - INFO - Вычисленная длительность: 1.00137 секунд
2025-05-11 12:34:48,215 - TimeTracker - INFO - Для приложения chrome.exe выбран ID={'server_id': 137}
2025-05-11 12:34:48,215 - TimeTracker - INFO - Отправка активности: start_time=2025-05-11T09:33:22.808402Z, end_time=2025-05-11T09:33:23.809772Z, длительность=1.00137 секунд
2025-05-11 12:34:48,215 - TimeTracker - INFO - Вычисленная длительность: 16.157738 секунд
2025-05-11 12:34:48,215 - TimeTracker - INFO - Для приложения chrome.exe выбран ID={'server_id': 137}
2025-05-11 12:34:48,215 - TimeTracker - INFO - Отправка активности: start_time=2025-05-11T09:33:23.810545Z, end_time=2025-05-11T09:33:39.968283Z, длительность=16.157738 секунд
2025-05-11 12:34:48,215 - TimeTracker - INFO - Вычисленная длительность: 1.00137 секунд
2025-05-11 12:34:48,215 - TimeTracker - INFO - Для приложения chrome.exe выбран ID={'server_id': 137}
2025-05-11 12:34:48,215 - TimeTracker - INFO - Отправка активности: start_time=2025-05-11T09:33:22.808402Z, end_time=2025-05-11T09:33:23.809772Z, длительность=1.00137 секунд
2025-05-11 12:34:48,215 - TimeTracker - INFO - Вычисленная длительность: 1.00137 секунд
2025-05-11 12:34:48,216 - TimeTracker - INFO - Для приложения chrome.exe выбран ID={'server_id': 137}
2025-05-11 12:34:48,216 - TimeTracker - INFO - Отправка активности: start_time=2025-05-11T09:33:22.808402Z, end_time=2025-05-11T09:33:23.809772Z, длительность=1.00137 секунд
2025-05-11 12:34:48,216 - TimeTracker - INFO - Вычисленная длительность: 16.157738 секунд
2025-05-11 12:34:48,216 - TimeTracker - INFO - Для приложения chrome.exe выбран ID={'server_id': 137}
2025-05-11 12:34:48,216 - TimeTracker - INFO - Отправка активности: start_time=2025-05-11T09:33:23.810545Z, end_time=2025-05-11T09:33:39.968283Z, длительность=16.157738 секунд
2025-05-11 12:34:48,216 - TimeTracker - INFO - Вычисленная длительность: 1.00137 секунд
2025-05-11 12:34:48,216 - TimeTracker - INFO - Для приложения chrome.exe выбран ID={'server_id': 137}
2025-05-11 12:34:48,216 - TimeTracker - INFO - Отправка активности: start_time=2025-05-11T09:33:22.808402Z, end_time=2025-05-11T09:33:23.809772Z, длительность=1.00137 секунд
2025-05-11 12:34:48,216 - TimeTracker - INFO - Вычисленная длительность: 1.00137 секунд
2025-05-11 12:34:48,216 - TimeTracker - INFO - Для приложения chrome.exe выбран ID={'server_id': 137}
2025-05-11 12:34:48,216 - TimeTracker - INFO - Отправка активности: start_time=2025-05-11T09:33:22.808402Z, end_time=2025-05-11T09:33:23.809772Z, длительность=1.00137 секунд
2025-05-11 12:34:48,216 - TimeTracker - INFO - Вычисленная длительность: 16.157738 секунд
2025-05-11 12:34:48,216 - TimeTracker - INFO - Для приложения chrome.exe выбран ID={'server_id': 137}
2025-05-11 12:34:48,216 - TimeTracker - INFO - Отправка активности: start_time=2025-05-11T09:33:23.810545Z, end_time=2025-05-11T09:33:39.968283Z, длительность=16.157738 секунд
2025-05-11 12:34:48,217 - TimeTracker - INFO - Вычисленная длительность: 1.00137 секунд
2025-05-11 12:34:48,217 - TimeTracker - INFO - Для приложения chrome.exe выбран ID={'server_id': 137}
2025-05-11 12:34:48,217 - TimeTracker - INFO - Отправка активности: start_time=2025-05-11T09:33:22.808402Z, end_time=2025-05-11T09:33:23.809772Z, длительность=1.00137 секунд
2025-05-11 12:34:48,217 - TimeTracker - INFO - Вычисленная длительность: 1.00137 секунд
2025-05-11 12:34:48,217 - TimeTracker - INFO - Для приложения chrome.exe выбран ID={'server_id': 137}
2025-05-11 12:34:48,217 - TimeTracker - INFO - Отправка активности: start_time=2025-05-11T09:33:22.808402Z, end_time=2025-05-11T09:33:23.809772Z, длительность=1.00137 секунд
2025-05-11 12:34:48,217 - TimeTracker - INFO - Вычисленная длительность: 16.157738 секунд
2025-05-11 12:34:48,217 - TimeTracker - INFO - Для приложения chrome.exe выбран ID={'server_id': 137}
2025-05-11 12:34:48,217 - TimeTracker - INFO - Отправка активности: start_time=2025-05-11T09:33:23.810545Z, end_time=2025-05-11T09:33:39.968283Z, длительность=16.157738 секунд
2025-05-11 12:34:48,217 - TimeTracker - INFO - Вычисленная длительность: 1.00137 секунд
2025-05-11 12:34:48,217 - TimeTracker - INFO - Для приложения chrome.exe выбран ID={'server_id': 137}
2025-05-11 12:34:48,217 - TimeTracker - INFO - Отправка активности: start_time=2025-05-11T09:33:22.808402Z, end_time=2025-05-11T09:33:23.809772Z, длительность=1.00137 секунд
2025-05-11 12:34:48,217 - TimeTracker - INFO - Вычисленная длительность: 1.00137 секунд
2025-05-11 12:34:48,217 - TimeTracker - INFO - Для приложения chrome.exe выбран ID={'server_id': 137}
2025-05-11 12:34:48,217 - TimeTracker - INFO - Отправка активности: start_time=2025-05-11T09:33:22.808402Z, end_time=2025-05-11T09:33:23.809772Z, длительность=1.00137 секунд
2025-05-11 12:34:48,217 - TimeTracker - INFO - Вычисленная длительность: 16.157738 секунд
2025-05-11 12:34:48,217 - TimeTracker - INFO - Для приложения chrome.exe выбран ID={'server_id': 137}
2025-05-11 12:34:48,218 - TimeTracker - INFO - Отправка активности: start_time=2025-05-11T09:33:23.810545Z, end_time=2025-05-11T09:33:39.968283Z, длительность=16.157738 секунд
2025-05-11 12:34:48,218 - TimeTracker - INFO - Вычисленная длительность: 1.00137 секунд
2025-05-11 12:34:48,218 - TimeTracker - INFO - Для приложения chrome.exe выбран ID={'server_id': 137}
2025-05-11 12:34:48,218 - TimeTracker - INFO - Отправка активности: start_time=2025-05-11T09:33:22.808402Z, end_time=2025-05-11T09:33:23.809772Z, длительность=1.00137 секунд
2025-05-11 12:34:48,218 - TimeTracker - INFO - Вычисленная длительность: 1.00137 секунд
2025-05-11 12:34:48,218 - TimeTracker - INFO - Для приложения chrome.exe выбран ID={'server_id': 137}
2025-05-11 12:34:48,218 - TimeTracker - INFO - Отправка активности: start_time=2025-05-11T09:33:22.808402Z, end_time=2025-05-11T09:33:23.809772Z, длительность=1.00137 секунд
2025-05-11 12:34:48,218 - TimeTracker - INFO - Вычисленная длительность: 16.157738 секунд
2025-05-11 12:34:48,218 - TimeTracker - INFO - Для приложения chrome.exe выбран ID={'server_id': 137}
2025-05-11 12:34:48,218 - TimeTracker - INFO - Отправка активности: start_time=2025-05-11T09:33:23.810545Z, end_time=2025-05-11T09:33:39.968283Z, длительность=16.157738 секунд
2025-05-11 12:34:48,218 - TimeTracker - INFO - Вычисленная длительность: 1.00137 секунд
2025-05-11 12:34:48,218 - TimeTracker - INFO - Для приложения chrome.exe выбран ID={'server_id': 137}
2025-05-11 12:34:48,218 - TimeTracker - INFO - Отправка активности: start_time=2025-05-11T09:33:22.808402Z, end_time=2025-05-11T09:33:23.809772Z, длительность=1.00137 секунд
2025-05-11 12:34:48,218 - TimeTracker - INFO - Вычисленная длительность: 1.00137 секунд
2025-05-11 12:34:48,218 - TimeTracker - INFO - Для приложения chrome.exe выбран ID={'server_id': 137}
2025-05-11 12:34:48,218 - TimeTracker - INFO - Отправка активности: start_time=2025-05-11T09:33:22.808402Z, end_time=2025-05-11T09:33:23.809772Z, длительность=1.00137 секунд
2025-05-11 12:34:48,218 - TimeTracker - INFO - Отправка 20 записей активности на сервер.
2025-05-11 12:34:48,218 - TimeTracker - INFO - API URL: http://46.173.26.149:8000/api/activities/, Токен: eyJhbGciOi...
2025-05-11 12:34:48,219 - TimeTracker - INFO - Отправляем пайлоад: {'application': {'server_id': 137}, 'title': 'Главная - Time Tracker - Google Chrome', 'start_time': '2025-05-11T09:33:22.808402Z', 'end_time': '2025-05-11T09:33:23.809772Z', 'is_productive': True, 'app_name': 'chrome.exe', 'keyboard_presses': 53}
2025-05-11 12:34:48,304 - TimeTracker - ERROR - Ошибка при отправке записи: 400 - {"status":"error","code":400,"detail":{"application":["Некорректный тип. Ожидалось значение первичного ключа, получен dict."]}}
2025-05-11 12:34:48,304 - TimeTracker - INFO - Отправляем пайлоад: {'application': {'server_id': 137}, 'title': 'Главная - Time Tracker - Google Chrome', 'start_time': '2025-05-11T09:33:22.808402Z', 'end_time': '2025-05-11T09:33:23.809772Z', 'is_productive': True, 'app_name': 'chrome.exe', 'keyboard_presses': 0}
2025-05-11 12:34:48,382 - TimeTracker - ERROR - Ошибка при отправке записи: 400 - {"status":"error","code":400,"detail":{"application":["Некорректный тип. Ожидалось значение первичного ключа, получен dict."]}}
2025-05-11 12:34:48,382 - TimeTracker - INFO - Отправляем пайлоад: {'application': {'server_id': 137}, 'title': 'Статистика - Time Tracker - Google Chrome', 'start_time': '2025-05-11T09:33:23.810545Z', 'end_time': '2025-05-11T09:33:39.968283Z', 'is_productive': True, 'app_name': 'chrome.exe', 'keyboard_presses': 2}
2025-05-11 12:34:48,459 - TimeTracker - ERROR - Ошибка при отправке записи: 400 - {"status":"error","code":400,"detail":{"application":["Некорректный тип. Ожидалось значение первичного ключа, получен dict."]}}
2025-05-11 12:34:48,459 - TimeTracker - INFO - Отправляем пайлоад: {'application': {'server_id': 137}, 'title': 'Главная - Time Tracker - Google Chrome', 'start_time': '2025-05-11T09:33:22.808402Z', 'end_time': '2025-05-11T09:33:23.809772Z', 'is_productive': True, 'app_name': 'chrome.exe', 'keyboard_presses': 0}
2025-05-11 12:34:48,537 - TimeTracker - ERROR - Ошибка при отправке записи: 400 - {"status":"error","code":400,"detail":{"application":["Некорректный тип. Ожидалось значение первичного ключа, получен dict."]}}
2025-05-11 12:34:48,537 - TimeTracker - INFO - Отправляем пайлоад: {'application': {'server_id': 137}, 'title': 'Главная - Time Tracker - Google Chrome', 'start_time': '2025-05-11T09:33:22.808402Z', 'end_time': '2025-05-11T09:33:23.809772Z', 'is_productive': True, 'app_name': 'chrome.exe', 'keyboard_presses': 0}
2025-05-11 12:34:48,614 - TimeTracker - ERROR - Ошибка при отправке записи: 400 - {"status":"error","code":400,"detail":{"application":["Некорректный тип. Ожидалось значение первичного ключа, получен dict."]}}
2025-05-11 12:34:48,614 - TimeTracker - INFO - Отправляем пайлоад: {'application': {'server_id': 137}, 'title': 'Статистика - Time Tracker - Google Chrome', 'start_time': '2025-05-11T09:33:23.810545Z', 'end_time': '2025-05-11T09:33:39.968283Z', 'is_productive': True, 'app_name': 'chrome.exe', 'keyboard_presses': 2}
2025-05-11 12:34:48,692 - TimeTracker - ERROR - Ошибка при отправке записи: 400 - {"status":"error","code":400,"detail":{"application":["Некорректный тип. Ожидалось значение первичного ключа, получен dict."]}}
2025-05-11 12:34:48,692 - TimeTracker - INFO - Отправляем пайлоад: {'application': {'server_id': 137}, 'title': 'Главная - Time Tracker - Google Chrome', 'start_time': '2025-05-11T09:33:22.808402Z', 'end_time': '2025-05-11T09:33:23.809772Z', 'is_productive': True, 'app_name': 'chrome.exe', 'keyboard_presses': 0}
2025-05-11 12:34:48,770 - TimeTracker - ERROR - Ошибка при отправке записи: 400 - {"status":"error","code":400,"detail":{"application":["Некорректный тип. Ожидалось значение первичного ключа, получен dict."]}}
2025-05-11 12:34:48,770 - TimeTracker - INFO - Отправляем пайлоад: {'application': {'server_id': 137}, 'title': 'Главная - Time Tracker - Google Chrome', 'start_time': '2025-05-11T09:33:22.808402Z', 'end_time': '2025-05-11T09:33:23.809772Z', 'is_productive': True, 'app_name': 'chrome.exe', 'keyboard_presses': 0}
2025-05-11 12:34:48,848 - TimeTracker - ERROR - Ошибка при отправке записи: 400 - {"status":"error","code":400,"detail":{"application":["Некорректный тип. Ожидалось значение первичного ключа, получен dict."]}}
2025-05-11 12:34:48,848 - TimeTracker - INFO - Отправляем пайлоад: {'application': {'server_id': 137}, 'title': 'Статистика - Time Tracker - Google Chrome', 'start_time': '2025-05-11T09:33:23.810545Z', 'end_time': '2025-05-11T09:33:39.968283Z', 'is_productive': True, 'app_name': 'chrome.exe', 'keyboard_presses': 2}
2025-05-11 12:34:48,927 - TimeTracker - ERROR - Ошибка при отправке записи: 400 - {"status":"error","code":400,"detail":{"application":["Некорректный тип. Ожидалось значение первичного ключа, получен dict."]}}
2025-05-11 12:34:48,927 - TimeTracker - INFO - Отправляем пайлоад: {'application': {'server_id': 137}, 'title': 'Главная - Time Tracker - Google Chrome', 'start_time': '2025-05-11T09:33:22.808402Z', 'end_time': '2025-05-11T09:33:23.809772Z', 'is_productive': True, 'app_name': 'chrome.exe', 'keyboard_presses': 0}
2025-05-11 12:34:49,020 - TimeTracker - ERROR - Ошибка при отправке записи: 400 - {"status":"error","code":400,"detail":{"application":["Некорректный тип. Ожидалось значение первичного ключа, получен dict."]}}
2025-05-11 12:34:49,020 - TimeTracker - INFO - Отправляем пайлоад: {'application': {'server_id': 137}, 'title': 'Главная - Time Tracker - Google Chrome', 'start_time': '2025-05-11T09:33:22.808402Z', 'end_time': '2025-05-11T09:33:23.809772Z', 'is_productive': True, 'app_name': 'chrome.exe', 'keyboard_presses': 0}
2025-05-11 12:34:49,100 - TimeTracker - ERROR - Ошибка при отправке записи: 400 - {"status":"error","code":400,"detail":{"application":["Некорректный тип. Ожидалось значение первичного ключа, получен dict."]}}
2025-05-11 12:34:49,100 - TimeTracker - INFO - Отправляем пайлоад: {'application': {'server_id': 137}, 'title': 'Статистика - Time Tracker - Google Chrome', 'start_time': '2025-05-11T09:33:23.810545Z', 'end_time': '2025-05-11T09:33:39.968283Z', 'is_productive': True, 'app_name': 'chrome.exe', 'keyboard_presses': 2}
2025-05-11 12:34:49,177 - TimeTracker - ERROR - Ошибка при отправке записи: 400 - {"status":"error","code":400,"detail":{"application":["Некорректный тип. Ожидалось значение первичного ключа, получен dict."]}}
2025-05-11 12:34:49,177 - TimeTracker - INFO - Отправляем пайлоад: {'application': {'server_id': 137}, 'title': 'Главная - Time Tracker - Google Chrome', 'start_time': '2025-05-11T09:33:22.808402Z', 'end_time': '2025-05-11T09:33:23.809772Z', 'is_productive': True, 'app_name': 'chrome.exe', 'keyboard_presses': 0}
2025-05-11 12:34:49,254 - TimeTracker - ERROR - Ошибка при отправке записи: 400 - {"status":"error","code":400,"detail":{"application":["Некорректный тип. Ожидалось значение первичного ключа, получен dict."]}}
2025-05-11 12:34:49,254 - TimeTracker - INFO - Отправляем пайлоад: {'application': {'server_id': 137}, 'title': 'Главная - Time Tracker - Google Chrome', 'start_time': '2025-05-11T09:33:22.808402Z', 'end_time': '2025-05-11T09:33:23.809772Z', 'is_productive': True, 'app_name': 'chrome.exe', 'keyboard_presses': 0}
2025-05-11 12:34:49,331 - TimeTracker - ERROR - Ошибка при отправке записи: 400 - {"status":"error","code":400,"detail":{"application":["Некорректный тип. Ожидалось значение первичного ключа, получен dict."]}}
2025-05-11 12:34:49,331 - TimeTracker - INFO - Отправляем пайлоад: {'application': {'server_id': 137}, 'title': 'Статистика - Time Tracker - Google Chrome', 'start_time': '2025-05-11T09:33:23.810545Z', 'end_time': '2025-05-11T09:33:39.968283Z', 'is_productive': True, 'app_name': 'chrome.exe', 'keyboard_presses': 2}
2025-05-11 12:34:49,409 - TimeTracker - ERROR - Ошибка при отправке записи: 400 - {"status":"error","code":400,"detail":{"application":["Некорректный тип. Ожидалось значение первичного ключа, получен dict."]}}
2025-05-11 12:34:49,409 - TimeTracker - INFO - Отправляем пайлоад: {'application': {'server_id': 137}, 'title': 'Главная - Time Tracker - Google Chrome', 'start_time': '2025-05-11T09:33:22.808402Z', 'end_time': '2025-05-11T09:33:23.809772Z', 'is_productive': True, 'app_name': 'chrome.exe', 'keyboard_presses': 0}
2025-05-11 12:34:49,488 - TimeTracker - ERROR - Ошибка при отправке записи: 400 - {"status":"error","code":400,"detail":{"application":["Некорректный тип. Ожидалось значение первичного ключа, получен dict."]}}
2025-05-11 12:34:49,488 - TimeTracker - INFO - Отправляем пайлоад: {'application': {'server_id': 137}, 'title': 'Главная - Time Tracker - Google Chrome', 'start_time': '2025-05-11T09:33:22.808402Z', 'end_time': '2025-05-11T09:33:23.809772Z', 'is_productive': True, 'app_name': 'chrome.exe', 'keyboard_presses': 0}
2025-05-11 12:34:49,565 - TimeTracker - ERROR - Ошибка при отправке записи: 400 - {"status":"error","code":400,"detail":{"application":["Некорректный тип. Ожидалось значение первичного ключа, получен dict."]}}
2025-05-11 12:34:49,565 - TimeTracker - INFO - Отправляем пайлоад: {'application': {'server_id': 137}, 'title': 'Статистика - Time Tracker - Google Chrome', 'start_time': '2025-05-11T09:33:23.810545Z', 'end_time': '2025-05-11T09:33:39.968283Z', 'is_productive': True, 'app_name': 'chrome.exe', 'keyboard_presses': 2}
2025-05-11 12:34:49,642 - TimeTracker - ERROR - Ошибка при отправке записи: 400 - {"status":"error","code":400,"detail":{"application":["Некорректный тип. Ожидалось значение первичного ключа, получен dict."]}}
2025-05-11 12:34:49,642 - TimeTracker - INFO - Отправляем пайлоад: {'application': {'server_id': 137}, 'title': 'Главная - Time Tracker - Google Chrome', 'start_time': '2025-05-11T09:33:22.808402Z', 'end_time': '2025-05-11T09:33:23.809772Z', 'is_productive': True, 'app_name': 'chrome.exe', 'keyboard_presses': 0}
2025-05-11 12:34:49,719 - TimeTracker - ERROR - Ошибка при отправке записи: 400 - {"status":"error","code":400,"detail":{"application":["Некорректный тип. Ожидалось значение первичного ключа, получен dict."]}}
2025-05-11 12:34:49,719 - TimeTracker - INFO - Отправляем пайлоад: {'application': {'server_id': 137}, 'title': 'Главная - Time Tracker - Google Chrome', 'start_time': '2025-05-11T09:33:22.808402Z', 'end_time': '2025-05-11T09:33:23.809772Z', 'is_productive': True, 'app_name': 'chrome.exe', 'keyboard_presses': 0}
2025-05-11 12:34:49,798 - TimeTracker - ERROR - Ошибка при отправке записи: 400 - {"status":"error","code":400,"detail":{"application":["Некорректный тип. Ожидалось значение первичного ключа, получен dict."]}}
2025-05-11 12:34:49,798 - TimeTracker - ERROR - Ошибка при отправке данных: 400 - Успешно отправлено 0 из 20 записей
2025-05-11 12:34:50,439 - TimeTracker - INFO - Обновлен список приложений: 126 процессов
2025-05-11 12:34:52,504 - TimeTracker - INFO - Добавлено 19 нажатий клавиш в активность
2025-05-11 12:34:52,505 - TimeTracker - INFO - Завершена сессия активности: App='cursor.exe', Title='main.py - Tracker33 - Cursor, Duration=36s. В очереди: 45
2025-05-11 12:34:52,506 - TimeTracker - INFO - Начата новая сессия активности: App='TimeTracker_new.exe', Title='Успешно'
2025-05-11 12:34:53,507 - TimeTracker - INFO - Добавлено 3 нажатий клавиш в активность
2025-05-11 12:34:53,507 - TimeTracker - INFO - Завершена сессия активности: App='TimeTracker_new.exe', Title='Успешно, Duration=1s. В очереди: 46
2025-05-11 12:34:54,509 - TimeTracker - INFO - Начата новая сессия активности: App='chrome.exe', Title='Статистика - Time Tracker - Go...'
2025-05-11 12:34:57,511 - TimeTracker - INFO - Добавлено 2 нажатий клавиш в активность
2025-05-11 12:34:57,511 - TimeTracker - INFO - Завершена сессия активности: App='chrome.exe', Title='Статистика - Time Tracker - Go..., Duration=3s. В очереди: 47
2025-05-11 12:34:58,218 - TimeTracker - INFO - Вычисленная длительность: 16.157738 секунд
2025-05-11 12:34:58,218 - TimeTracker - INFO - Для приложения chrome.exe выбран ID={'server_id': 137}
2025-05-11 12:34:58,218 - TimeTracker - INFO - Отправка активности: start_time=2025-05-11T09:33:23.810545Z, end_time=2025-05-11T09:33:39.968283Z, длительность=16.157738 секунд
2025-05-11 12:34:58,218 - TimeTracker - INFO - Вычисленная длительность: 1.00137 секунд
2025-05-11 12:34:58,218 - TimeTracker - INFO - Для приложения chrome.exe выбран ID={'server_id': 137}
2025-05-11 12:34:58,218 - TimeTracker - INFO - Отправляем клавиатурную активность: 1 нажатий
2025-05-11 12:34:58,218 - TimeTracker - INFO - Отправка активности: start_time=2025-05-11T09:33:22.808402Z, end_time=2025-05-11T09:33:23.809772Z, длительность=1.00137 секунд
2025-05-11 12:34:58,218 - TimeTracker - INFO - Вычисленная длительность: 1.00137 секунд
2025-05-11 12:34:58,219 - TimeTracker - INFO - Для приложения chrome.exe выбран ID={'server_id': 137}
2025-05-11 12:34:58,219 - TimeTracker - INFO - Отправка активности: start_time=2025-05-11T09:33:22.808402Z, end_time=2025-05-11T09:33:23.809772Z, длительность=1.00137 секунд
2025-05-11 12:34:58,219 - TimeTracker - INFO - Вычисленная длительность: 16.157738 секунд
2025-05-11 12:34:58,219 - TimeTracker - INFO - Для приложения chrome.exe выбран ID={'server_id': 137}
2025-05-11 12:34:58,219 - TimeTracker - INFO - Отправка активности: start_time=2025-05-11T09:33:23.810545Z, end_time=2025-05-11T09:33:39.968283Z, длительность=16.157738 секунд
2025-05-11 12:34:58,219 - TimeTracker - INFO - Вычисленная длительность: 1.00137 секунд
2025-05-11 12:34:58,219 - TimeTracker - INFO - Для приложения chrome.exe выбран ID={'server_id': 137}
2025-05-11 12:34:58,219 - TimeTracker - INFO - Отправка активности: start_time=2025-05-11T09:33:22.808402Z, end_time=2025-05-11T09:33:23.809772Z, длительность=1.00137 секунд
2025-05-11 12:34:58,219 - TimeTracker - INFO - Вычисленная длительность: 1.00137 секунд
2025-05-11 12:34:58,219 - TimeTracker - INFO - Для приложения chrome.exe выбран ID={'server_id': 137}
2025-05-11 12:34:58,219 - TimeTracker - INFO - Отправка активности: start_time=2025-05-11T09:33:22.808402Z, end_time=2025-05-11T09:33:23.809772Z, длительность=1.00137 секунд
2025-05-11 12:34:58,219 - TimeTracker - INFO - Вычисленная длительность: 16.157738 секунд
2025-05-11 12:34:58,219 - TimeTracker - INFO - Для приложения chrome.exe выбран ID={'server_id': 137}
2025-05-11 12:34:58,219 - TimeTracker - INFO - Отправка активности: start_time=2025-05-11T09:33:23.810545Z, end_time=2025-05-11T09:33:39.968283Z, длительность=16.157738 секунд
2025-05-11 12:34:58,220 - TimeTracker - INFO - Вычисленная длительность: 1.00137 секунд
2025-05-11 12:34:58,220 - TimeTracker - INFO - Для приложения chrome.exe выбран ID={'server_id': 137}
2025-05-11 12:34:58,220 - TimeTracker - INFO - Отправка активности: start_time=2025-05-11T09:33:22.808402Z, end_time=2025-05-11T09:33:23.809772Z, длительность=1.00137 секунд
2025-05-11 12:34:58,220 - TimeTracker - INFO - Вычисленная длительность: 1.00137 секунд
2025-05-11 12:34:58,220 - TimeTracker - INFO - Для приложения chrome.exe выбран ID={'server_id': 137}
2025-05-11 12:34:58,220 - TimeTracker - INFO - Отправка активности: start_time=2025-05-11T09:33:22.808402Z, end_time=2025-05-11T09:33:23.809772Z, длительность=1.00137 секунд
2025-05-11 12:34:58,220 - TimeTracker - INFO - Вычисленная длительность: 16.157738 секунд
2025-05-11 12:34:58,220 - TimeTracker - INFO - Для приложения chrome.exe выбран ID={'server_id': 137}
2025-05-11 12:34:58,220 - TimeTracker - INFO - Отправка активности: start_time=2025-05-11T09:33:23.810545Z, end_time=2025-05-11T09:33:39.968283Z, длительность=16.157738 секунд
2025-05-11 12:34:58,220 - TimeTracker - INFO - Вычисленная длительность: 1.00137 секунд
2025-05-11 12:34:58,220 - TimeTracker - INFO - Для приложения chrome.exe выбран ID={'server_id': 137}
2025-05-11 12:34:58,220 - TimeTracker - INFO - Отправка активности: start_time=2025-05-11T09:33:22.808402Z, end_time=2025-05-11T09:33:23.809772Z, длительность=1.00137 секунд
2025-05-11 12:34:58,220 - TimeTracker - INFO - Вычисленная длительность: 1.00137 секунд
2025-05-11 12:34:58,220 - TimeTracker - INFO - Для приложения chrome.exe выбран ID={'server_id': 137}
2025-05-11 12:34:58,221 - TimeTracker - INFO - Отправка активности: start_time=2025-05-11T09:33:22.808402Z, end_time=2025-05-11T09:33:23.809772Z, длительность=1.00137 секунд
2025-05-11 12:34:58,221 - TimeTracker - INFO - Вычисленная длительность: 16.157738 секунд
2025-05-11 12:34:58,221 - TimeTracker - INFO - Для приложения chrome.exe выбран ID={'server_id': 137}
2025-05-11 12:34:58,221 - TimeTracker - INFO - Отправка активности: start_time=2025-05-11T09:33:23.810545Z, end_time=2025-05-11T09:33:39.968283Z, длительность=16.157738 секунд
2025-05-11 12:34:58,221 - TimeTracker - INFO - Вычисленная длительность: 1.00137 секунд
2025-05-11 12:34:58,221 - TimeTracker - INFO - Для приложения chrome.exe выбран ID={'server_id': 137}
2025-05-11 12:34:58,221 - TimeTracker - INFO - Отправка активности: start_time=2025-05-11T09:33:22.808402Z, end_time=2025-05-11T09:33:23.809772Z, длительность=1.00137 секунд
2025-05-11 12:34:58,221 - TimeTracker - INFO - Вычисленная длительность: 1.00137 секунд
2025-05-11 12:34:58,221 - TimeTracker - INFO - Для приложения chrome.exe выбран ID={'server_id': 137}
2025-05-11 12:34:58,221 - TimeTracker - INFO - Отправка активности: start_time=2025-05-11T09:33:22.808402Z, end_time=2025-05-11T09:33:23.809772Z, длительность=1.00137 секунд
2025-05-11 12:34:58,221 - TimeTracker - INFO - Вычисленная длительность: 16.157738 секунд
2025-05-11 12:34:58,221 - TimeTracker - INFO - Для приложения chrome.exe выбран ID={'server_id': 137}
2025-05-11 12:34:58,221 - TimeTracker - INFO - Отправка активности: start_time=2025-05-11T09:33:23.810545Z, end_time=2025-05-11T09:33:39.968283Z, длительность=16.157738 секунд
2025-05-11 12:34:58,221 - TimeTracker - INFO - Вычисленная длительность: 1.00137 секунд
2025-05-11 12:34:58,221 - TimeTracker - INFO - Для приложения chrome.exe выбран ID={'server_id': 137}
2025-05-11 12:34:58,222 - TimeTracker - INFO - Отправка активности: start_time=2025-05-11T09:33:22.808402Z, end_time=2025-05-11T09:33:23.809772Z, длительность=1.00137 секунд
2025-05-11 12:34:58,222 - TimeTracker - INFO - Вычисленная длительность: 1.00137 секунд
2025-05-11 12:34:58,222 - TimeTracker - INFO - Для приложения chrome.exe выбран ID={'server_id': 137}
2025-05-11 12:34:58,222 - TimeTracker - INFO - Отправка активности: start_time=2025-05-11T09:33:22.808402Z, end_time=2025-05-11T09:33:23.809772Z, длительность=1.00137 секунд
2025-05-11 12:34:58,222 - TimeTracker - INFO - Вычисленная длительность: 16.157738 секунд
2025-05-11 12:34:58,222 - TimeTracker - INFO - Для приложения chrome.exe выбран ID={'server_id': 137}
2025-05-11 12:34:58,222 - TimeTracker - INFO - Отправка активности: start_time=2025-05-11T09:33:23.810545Z, end_time=2025-05-11T09:33:39.968283Z, длительность=16.157738 секунд
2025-05-11 12:34:58,222 - TimeTracker - INFO - Вычисленная длительность: 1.00137 секунд
2025-05-11 12:34:58,222 - TimeTracker - INFO - Для приложения chrome.exe выбран ID={'server_id': 137}
2025-05-11 12:34:58,222 - TimeTracker - INFO - Отправка активности: start_time=2025-05-11T09:33:22.808402Z, end_time=2025-05-11T09:33:23.809772Z, длительность=1.00137 секунд
2025-05-11 12:34:58,222 - TimeTracker - INFO - Отправка 20 записей активности на сервер.
2025-05-11 12:34:58,222 - TimeTracker - INFO - API URL: http://46.173.26.149:8000/api/activities/, Токен: eyJhbGciOi...
2025-05-11 12:34:58,222 - TimeTracker - INFO - Отправляем пайлоад: {'application': {'server_id': 137}, 'title': 'Статистика - Time Tracker - Google Chrome', 'start_time': '2025-05-11T09:33:23.810545Z', 'end_time': '2025-05-11T09:33:39.968283Z', 'is_productive': True, 'app_name': 'chrome.exe', 'keyboard_presses': 2}
2025-05-11 12:34:58,307 - TimeTracker - ERROR - Ошибка при отправке записи: 400 - {"status":"error","code":400,"detail":{"application":["Некорректный тип. Ожидалось значение первичного ключа, получен dict."]}}
2025-05-11 12:34:58,307 - TimeTracker - INFO - Отправляем пайлоад: {'application': {'server_id': 137}, 'title': 'Главная - Time Tracker - Google Chrome', 'start_time': '2025-05-11T09:33:22.808402Z', 'end_time': '2025-05-11T09:33:23.809772Z', 'is_productive': True, 'app_name': 'chrome.exe', 'keyboard_presses': 1}
2025-05-11 12:34:58,384 - TimeTracker - ERROR - Ошибка при отправке записи: 400 - {"status":"error","code":400,"detail":{"application":["Некорректный тип. Ожидалось значение первичного ключа, получен dict."]}}
2025-05-11 12:34:58,385 - TimeTracker - INFO - Отправляем пайлоад: {'application': {'server_id': 137}, 'title': 'Главная - Time Tracker - Google Chrome', 'start_time': '2025-05-11T09:33:22.808402Z', 'end_time': '2025-05-11T09:33:23.809772Z', 'is_productive': True, 'app_name': 'chrome.exe', 'keyboard_presses': 0}
2025-05-11 12:34:58,462 - TimeTracker - ERROR - Ошибка при отправке записи: 400 - {"status":"error","code":400,"detail":{"application":["Некорректный тип. Ожидалось значение первичного ключа, получен dict."]}}
2025-05-11 12:34:58,463 - TimeTracker - INFO - Отправляем пайлоад: {'application': {'server_id': 137}, 'title': 'Статистика - Time Tracker - Google Chrome', 'start_time': '2025-05-11T09:33:23.810545Z', 'end_time': '2025-05-11T09:33:39.968283Z', 'is_productive': True, 'app_name': 'chrome.exe', 'keyboard_presses': 2}
2025-05-11 12:34:58,513 - TimeTracker - INFO - Начата новая сессия активности: App='cursor.exe', Title='main.py - Tracker33 - Cursor'
2025-05-11 12:34:58,539 - TimeTracker - ERROR - Ошибка при отправке записи: 400 - {"status":"error","code":400,"detail":{"application":["Некорректный тип. Ожидалось значение первичного ключа, получен dict."]}}
2025-05-11 12:34:58,540 - TimeTracker - INFO - Отправляем пайлоад: {'application': {'server_id': 137}, 'title': 'Главная - Time Tracker - Google Chrome', 'start_time': '2025-05-11T09:33:22.808402Z', 'end_time': '2025-05-11T09:33:23.809772Z', 'is_productive': True, 'app_name': 'chrome.exe', 'keyboard_presses': 0}
2025-05-11 12:34:58,617 - TimeTracker - ERROR - Ошибка при отправке записи: 400 - {"status":"error","code":400,"detail":{"application":["Некорректный тип. Ожидалось значение первичного ключа, получен dict."]}}
2025-05-11 12:34:58,617 - TimeTracker - INFO - Отправляем пайлоад: {'application': {'server_id': 137}, 'title': 'Главная - Time Tracker - Google Chrome', 'start_time': '2025-05-11T09:33:22.808402Z', 'end_time': '2025-05-11T09:33:23.809772Z', 'is_productive': True, 'app_name': 'chrome.exe', 'keyboard_presses': 0}
2025-05-11 12:34:58,695 - TimeTracker - ERROR - Ошибка при отправке записи: 400 - {"status":"error","code":400,"detail":{"application":["Некорректный тип. Ожидалось значение первичного ключа, получен dict."]}}
2025-05-11 12:34:58,695 - TimeTracker - INFO - Отправляем пайлоад: {'application': {'server_id': 137}, 'title': 'Статистика - Time Tracker - Google Chrome', 'start_time': '2025-05-11T09:33:23.810545Z', 'end_time': '2025-05-11T09:33:39.968283Z', 'is_productive': True, 'app_name': 'chrome.exe', 'keyboard_presses': 2}
2025-05-11 12:34:58,771 - TimeTracker - ERROR - Ошибка при отправке записи: 400 - {"status":"error","code":400,"detail":{"application":["Некорректный тип. Ожидалось значение первичного ключа, получен dict."]}}
2025-05-11 12:34:58,772 - TimeTracker - INFO - Отправляем пайлоад: {'application': {'server_id': 137}, 'title': 'Главная - Time Tracker - Google Chrome', 'start_time': '2025-05-11T09:33:22.808402Z', 'end_time': '2025-05-11T09:33:23.809772Z', 'is_productive': True, 'app_name': 'chrome.exe', 'keyboard_presses': 0}
2025-05-11 12:34:58,848 - TimeTracker - ERROR - Ошибка при отправке записи: 400 - {"status":"error","code":400,"detail":{"application":["Некорректный тип. Ожидалось значение первичного ключа, получен dict."]}}
2025-05-11 12:34:58,848 - TimeTracker - INFO - Отправляем пайлоад: {'application': {'server_id': 137}, 'title': 'Главная - Time Tracker - Google Chrome', 'start_time': '2025-05-11T09:33:22.808402Z', 'end_time': '2025-05-11T09:33:23.809772Z', 'is_productive': True, 'app_name': 'chrome.exe', 'keyboard_presses': 0}
2025-05-11 12:34:58,925 - TimeTracker - ERROR - Ошибка при отправке записи: 400 - {"status":"error","code":400,"detail":{"application":["Некорректный тип. Ожидалось значение первичного ключа, получен dict."]}}
2025-05-11 12:34:58,925 - TimeTracker - INFO - Отправляем пайлоад: {'application': {'server_id': 137}, 'title': 'Статистика - Time Tracker - Google Chrome', 'start_time': '2025-05-11T09:33:23.810545Z', 'end_time': '2025-05-11T09:33:39.968283Z', 'is_productive': True, 'app_name': 'chrome.exe', 'keyboard_presses': 2}
2025-05-11 12:34:59,004 - TimeTracker - ERROR - Ошибка при отправке записи: 400 - {"status":"error","code":400,"detail":{"application":["Некорректный тип. Ожидалось значение первичного ключа, получен dict."]}}
2025-05-11 12:34:59,004 - TimeTracker - INFO - Отправляем пайлоад: {'application': {'server_id': 137}, 'title': 'Главная - Time Tracker - Google Chrome', 'start_time': '2025-05-11T09:33:22.808402Z', 'end_time': '2025-05-11T09:33:23.809772Z', 'is_productive': True, 'app_name': 'chrome.exe', 'keyboard_presses': 0}
2025-05-11 12:34:59,081 - TimeTracker - ERROR - Ошибка при отправке записи: 400 - {"status":"error","code":400,"detail":{"application":["Некорректный тип. Ожидалось значение первичного ключа, получен dict."]}}
2025-05-11 12:34:59,082 - TimeTracker - INFO - Отправляем пайлоад: {'application': {'server_id': 137}, 'title': 'Главная - Time Tracker - Google Chrome', 'start_time': '2025-05-11T09:33:22.808402Z', 'end_time': '2025-05-11T09:33:23.809772Z', 'is_productive': True, 'app_name': 'chrome.exe', 'keyboard_presses': 0}
2025-05-11 12:34:59,160 - TimeTracker - ERROR - Ошибка при отправке записи: 400 - {"status":"error","code":400,"detail":{"application":["Некорректный тип. Ожидалось значение первичного ключа, получен dict."]}}
2025-05-11 12:34:59,160 - TimeTracker - INFO - Отправляем пайлоад: {'application': {'server_id': 137}, 'title': 'Статистика - Time Tracker - Google Chrome', 'start_time': '2025-05-11T09:33:23.810545Z', 'end_time': '2025-05-11T09:33:39.968283Z', 'is_productive': True, 'app_name': 'chrome.exe', 'keyboard_presses': 2}
2025-05-11 12:34:59,239 - TimeTracker - ERROR - Ошибка при отправке записи: 400 - {"status":"error","code":400,"detail":{"application":["Некорректный тип. Ожидалось значение первичного ключа, получен dict."]}}
2025-05-11 12:34:59,240 - TimeTracker - INFO - Отправляем пайлоад: {'application': {'server_id': 137}, 'title': 'Главная - Time Tracker - Google Chrome', 'start_time': '2025-05-11T09:33:22.808402Z', 'end_time': '2025-05-11T09:33:23.809772Z', 'is_productive': True, 'app_name': 'chrome.exe', 'keyboard_presses': 0}
2025-05-11 12:34:59,318 - TimeTracker - ERROR - Ошибка при отправке записи: 400 - {"status":"error","code":400,"detail":{"application":["Некорректный тип. Ожидалось значение первичного ключа, получен dict."]}}
2025-05-11 12:34:59,318 - TimeTracker - INFO - Отправляем пайлоад: {'application': {'server_id': 137}, 'title': 'Главная - Time Tracker - Google Chrome', 'start_time': '2025-05-11T09:33:22.808402Z', 'end_time': '2025-05-11T09:33:23.809772Z', 'is_productive': True, 'app_name': 'chrome.exe', 'keyboard_presses': 0}
2025-05-11 12:34:59,396 - TimeTracker - ERROR - Ошибка при отправке записи: 400 - {"status":"error","code":400,"detail":{"application":["Некорректный тип. Ожидалось значение первичного ключа, получен dict."]}}
2025-05-11 12:34:59,396 - TimeTracker - INFO - Отправляем пайлоад: {'application': {'server_id': 137}, 'title': 'Статистика - Time Tracker - Google Chrome', 'start_time': '2025-05-11T09:33:23.810545Z', 'end_time': '2025-05-11T09:33:39.968283Z', 'is_productive': True, 'app_name': 'chrome.exe', 'keyboard_presses': 2}
2025-05-11 12:34:59,474 - TimeTracker - ERROR - Ошибка при отправке записи: 400 - {"status":"error","code":400,"detail":{"application":["Некорректный тип. Ожидалось значение первичного ключа, получен dict."]}}
2025-05-11 12:34:59,474 - TimeTracker - INFO - Отправляем пайлоад: {'application': {'server_id': 137}, 'title': 'Главная - Time Tracker - Google Chrome', 'start_time': '2025-05-11T09:33:22.808402Z', 'end_time': '2025-05-11T09:33:23.809772Z', 'is_productive': True, 'app_name': 'chrome.exe', 'keyboard_presses': 0}
2025-05-11 12:34:59,553 - TimeTracker - ERROR - Ошибка при отправке записи: 400 - {"status":"error","code":400,"detail":{"application":["Некорректный тип. Ожидалось значение первичного ключа, получен dict."]}}
2025-05-11 12:34:59,553 - TimeTracker - INFO - Отправляем пайлоад: {'application': {'server_id': 137}, 'title': 'Главная - Time Tracker - Google Chrome', 'start_time': '2025-05-11T09:33:22.808402Z', 'end_time': '2025-05-11T09:33:23.809772Z', 'is_productive': True, 'app_name': 'chrome.exe', 'keyboard_presses': 0}
2025-05-11 12:34:59,631 - TimeTracker - ERROR - Ошибка при отправке записи: 400 - {"status":"error","code":400,"detail":{"application":["Некорректный тип. Ожидалось значение первичного ключа, получен dict."]}}
2025-05-11 12:34:59,631 - TimeTracker - INFO - Отправляем пайлоад: {'application': {'server_id': 137}, 'title': 'Статистика - Time Tracker - Google Chrome', 'start_time': '2025-05-11T09:33:23.810545Z', 'end_time': '2025-05-11T09:33:39.968283Z', 'is_productive': True, 'app_name': 'chrome.exe', 'keyboard_presses': 2}
2025-05-11 12:34:59,708 - TimeTracker - ERROR - Ошибка при отправке записи: 400 - {"status":"error","code":400,"detail":{"application":["Некорректный тип. Ожидалось значение первичного ключа, получен dict."]}}
2025-05-11 12:34:59,708 - TimeTracker - INFO - Отправляем пайлоад: {'application': {'server_id': 137}, 'title': 'Главная - Time Tracker - Google Chrome', 'start_time': '2025-05-11T09:33:22.808402Z', 'end_time': '2025-05-11T09:33:23.809772Z', 'is_productive': True, 'app_name': 'chrome.exe', 'keyboard_presses': 0}
2025-05-11 12:34:59,787 - TimeTracker - ERROR - Ошибка при отправке записи: 400 - {"status":"error","code":400,"detail":{"application":["Некорректный тип. Ожидалось значение первичного ключа, получен dict."]}}
2025-05-11 12:34:59,787 - TimeTracker - ERROR - Ошибка при отправке данных: 400 - Успешно отправлено 0 из 20 записей
2025-05-11 12:35:00,441 - TimeTracker - INFO - Обновлен список приложений: 126 процессов
2025-05-11 12:35:08,225 - TimeTracker - INFO - Проверка соединения с URL: http://46.173.26.149:8000/api/applications/
2025-05-11 12:35:08,314 - TimeTracker - INFO - Успешное подключение к серверу. Загружено 10 приложений.
2025-05-11 12:35:08,315 - TimeTracker - INFO - Вычисленная длительность: 1.00137 секунд
2025-05-11 12:35:08,315 - TimeTracker - INFO - Для приложения chrome.exe выбран ID={'server_id': 137}
2025-05-11 12:35:08,315 - TimeTracker - INFO - Отправляем клавиатурную активность: 49 нажатий
2025-05-11 12:35:08,315 - TimeTracker - INFO - Отправка активности: start_time=2025-05-11T09:33:22.808402Z, end_time=2025-05-11T09:33:23.809772Z, длительность=1.00137 секунд
2025-05-11 12:35:08,315 - TimeTracker - INFO - Вычисленная длительность: 16.157738 секунд
2025-05-11 12:35:08,315 - TimeTracker - INFO - Для приложения chrome.exe выбран ID={'server_id': 137}
2025-05-11 12:35:08,315 - TimeTracker - INFO - Отправка активности: start_time=2025-05-11T09:33:23.810545Z, end_time=2025-05-11T09:33:39.968283Z, длительность=16.157738 секунд
2025-05-11 12:35:08,315 - TimeTracker - INFO - Вычисленная длительность: 1.00137 секунд
2025-05-11 12:35:08,315 - TimeTracker - INFO - Для приложения chrome.exe выбран ID={'server_id': 137}
2025-05-11 12:35:08,315 - TimeTracker - INFO - Отправка активности: start_time=2025-05-11T09:33:22.808402Z, end_time=2025-05-11T09:33:23.809772Z, длительность=1.00137 секунд
2025-05-11 12:35:08,315 - TimeTracker - INFO - Вычисленная длительность: 1.00137 секунд
2025-05-11 12:35:08,315 - TimeTracker - INFO - Для приложения chrome.exe выбран ID={'server_id': 137}
2025-05-11 12:35:08,315 - TimeTracker - INFO - Отправка активности: start_time=2025-05-11T09:33:22.808402Z, end_time=2025-05-11T09:33:23.809772Z, длительность=1.00137 секунд
2025-05-11 12:35:08,316 - TimeTracker - INFO - Вычисленная длительность: 1.00137 секунд
2025-05-11 12:35:08,316 - TimeTracker - INFO - Для приложения chrome.exe выбран ID={'server_id': 137}
2025-05-11 12:35:08,316 - TimeTracker - INFO - Отправка активности: start_time=2025-05-11T09:33:22.808402Z, end_time=2025-05-11T09:33:23.809772Z, длительность=1.00137 секунд
2025-05-11 12:35:08,316 - TimeTracker - INFO - Вычисленная длительность: 1.00137 секунд
2025-05-11 12:35:08,316 - TimeTracker - INFO - Для приложения chrome.exe выбран ID={'server_id': 137}
2025-05-11 12:35:08,316 - TimeTracker - INFO - Отправка активности: start_time=2025-05-11T09:33:22.808402Z, end_time=2025-05-11T09:33:23.809772Z, длительность=1.00137 секунд
2025-05-11 12:35:08,316 - TimeTracker - INFO - Вычисленная длительность: 16.157738 секунд
2025-05-11 12:35:08,316 - TimeTracker - INFO - Для приложения chrome.exe выбран ID={'server_id': 137}
2025-05-11 12:35:08,316 - TimeTracker - INFO - Отправка активности: start_time=2025-05-11T09:33:23.810545Z, end_time=2025-05-11T09:33:39.968283Z, длительность=16.157738 секунд
2025-05-11 12:35:08,316 - TimeTracker - INFO - Вычисленная длительность: 1.00137 секунд
2025-05-11 12:35:08,316 - TimeTracker - INFO - Для приложения chrome.exe выбран ID={'server_id': 137}
2025-05-11 12:35:08,316 - TimeTracker - INFO - Отправка активности: start_time=2025-05-11T09:33:22.808402Z, end_time=2025-05-11T09:33:23.809772Z, длительность=1.00137 секунд
2025-05-11 12:35:08,316 - TimeTracker - INFO - Вычисленная длительность: 1.00137 секунд
2025-05-11 12:35:08,316 - TimeTracker - INFO - Для приложения chrome.exe выбран ID={'server_id': 137}
2025-05-11 12:35:08,316 - TimeTracker - INFO - Отправка активности: start_time=2025-05-11T09:33:22.808402Z, end_time=2025-05-11T09:33:23.809772Z, длительность=1.00137 секунд
2025-05-11 12:35:08,316 - TimeTracker - INFO - Вычисленная длительность: 16.157738 секунд
2025-05-11 12:35:08,316 - TimeTracker - INFO - Для приложения chrome.exe выбран ID={'server_id': 137}
2025-05-11 12:35:08,316 - TimeTracker - INFO - Отправка активности: start_time=2025-05-11T09:33:23.810545Z, end_time=2025-05-11T09:33:39.968283Z, длительность=16.157738 секунд
2025-05-11 12:35:08,317 - TimeTracker - INFO - Вычисленная длительность: 1.00137 секунд
2025-05-11 12:35:08,317 - TimeTracker - INFO - Для приложения chrome.exe выбран ID={'server_id': 137}
2025-05-11 12:35:08,317 - TimeTracker - INFO - Отправка активности: start_time=2025-05-11T09:33:22.808402Z, end_time=2025-05-11T09:33:23.809772Z, длительность=1.00137 секунд
2025-05-11 12:35:08,317 - TimeTracker - INFO - Вычисленная длительность: 1.00137 секунд
2025-05-11 12:35:08,317 - TimeTracker - INFO - Для приложения chrome.exe выбран ID={'server_id': 137}
2025-05-11 12:35:08,317 - TimeTracker - INFO - Отправка активности: start_time=2025-05-11T09:33:22.808402Z, end_time=2025-05-11T09:33:23.809772Z, длительность=1.00137 секунд
2025-05-11 12:35:08,317 - TimeTracker - INFO - Вычисленная длительность: 16.157738 секунд
2025-05-11 12:35:08,317 - TimeTracker - INFO - Для приложения chrome.exe выбран ID={'server_id': 137}
2025-05-11 12:35:08,317 - TimeTracker - INFO - Отправка активности: start_time=2025-05-11T09:33:23.810545Z, end_time=2025-05-11T09:33:39.968283Z, длительность=16.157738 секунд
2025-05-11 12:35:08,317 - TimeTracker - INFO - Вычисленная длительность: 1.00137 секунд
2025-05-11 12:35:08,317 - TimeTracker - INFO - Для приложения chrome.exe выбран ID={'server_id': 137}
2025-05-11 12:35:08,317 - TimeTracker - INFO - Отправка активности: start_time=2025-05-11T09:33:22.808402Z, end_time=2025-05-11T09:33:23.809772Z, длительность=1.00137 секунд
2025-05-11 12:35:08,317 - TimeTracker - INFO - Вычисленная длительность: 1.00137 секунд
2025-05-11 12:35:08,317 - TimeTracker - INFO - Для приложения chrome.exe выбран ID={'server_id': 137}
2025-05-11 12:35:08,317 - TimeTracker - INFO - Отправка активности: start_time=2025-05-11T09:33:22.808402Z, end_time=2025-05-11T09:33:23.809772Z, длительность=1.00137 секунд
2025-05-11 12:35:08,317 - TimeTracker - INFO - Вычисленная длительность: 16.157738 секунд
2025-05-11 12:35:08,317 - TimeTracker - INFO - Для приложения chrome.exe выбран ID={'server_id': 137}
2025-05-11 12:35:08,317 - TimeTracker - INFO - Отправка активности: start_time=2025-05-11T09:33:23.810545Z, end_time=2025-05-11T09:33:39.968283Z, длительность=16.157738 секунд
2025-05-11 12:35:08,318 - TimeTracker - INFO - Вычисленная длительность: 1.00137 секунд
2025-05-11 12:35:08,318 - TimeTracker - INFO - Для приложения chrome.exe выбран ID={'server_id': 137}
2025-05-11 12:35:08,318 - TimeTracker - INFO - Отправка активности: start_time=2025-05-11T09:33:22.808402Z, end_time=2025-05-11T09:33:23.809772Z, длительность=1.00137 секунд
2025-05-11 12:35:08,318 - TimeTracker - INFO - Вычисленная длительность: 1.00137 секунд
2025-05-11 12:35:08,318 - TimeTracker - INFO - Для приложения chrome.exe выбран ID={'server_id': 137}
2025-05-11 12:35:08,318 - TimeTracker - INFO - Отправка активности: start_time=2025-05-11T09:33:22.808402Z, end_time=2025-05-11T09:33:23.809772Z, длительность=1.00137 секунд
2025-05-11 12:35:08,318 - TimeTracker - INFO - Вычисленная длительность: 16.157738 секунд
2025-05-11 12:35:08,318 - TimeTracker - INFO - Для приложения chrome.exe выбран ID={'server_id': 137}
2025-05-11 12:35:08,318 - TimeTracker - INFO - Отправка активности: start_time=2025-05-11T09:33:23.810545Z, end_time=2025-05-11T09:33:39.968283Z, длительность=16.157738 секунд
2025-05-11 12:35:08,318 - TimeTracker - INFO - Вычисленная длительность: 1.00137 секунд
2025-05-11 12:35:08,318 - TimeTracker - INFO - Для приложения chrome.exe выбран ID={'server_id': 137}
2025-05-11 12:35:08,318 - TimeTracker - INFO - Отправка активности: start_time=2025-05-11T09:33:22.808402Z, end_time=2025-05-11T09:33:23.809772Z, длительность=1.00137 секунд
2025-05-11 12:35:08,318 - TimeTracker - INFO - Отправка 20 записей активности на сервер.
2025-05-11 12:35:08,318 - TimeTracker - INFO - API URL: http://46.173.26.149:8000/api/activities/, Токен: eyJhbGciOi...
2025-05-11 12:35:08,319 - TimeTracker - INFO - Отправляем пайлоад: {'application': {'server_id': 137}, 'title': 'Главная - Time Tracker - Google Chrome', 'start_time': '2025-05-11T09:33:22.808402Z', 'end_time': '2025-05-11T09:33:23.809772Z', 'is_productive': True, 'app_name': 'chrome.exe', 'keyboard_presses': 49}
2025-05-11 12:35:08,409 - TimeTracker - ERROR - Ошибка при отправке записи: 400 - {"status":"error","code":400,"detail":{"application":["Некорректный тип. Ожидалось значение первичного ключа, получен dict."]}}
2025-05-11 12:35:08,409 - TimeTracker - INFO - Отправляем пайлоад: {'application': {'server_id': 137}, 'title': 'Статистика - Time Tracker - Google Chrome', 'start_time': '2025-05-11T09:33:23.810545Z', 'end_time': '2025-05-11T09:33:39.968283Z', 'is_productive': True, 'app_name': 'chrome.exe', 'keyboard_presses': 2}
2025-05-11 12:35:08,487 - TimeTracker - ERROR - Ошибка при отправке записи: 400 - {"status":"error","code":400,"detail":{"application":["Некорректный тип. Ожидалось значение первичного ключа, получен dict."]}}
2025-05-11 12:35:08,487 - TimeTracker - INFO - Отправляем пайлоад: {'application': {'server_id': 137}, 'title': 'Главная - Time Tracker - Google Chrome', 'start_time': '2025-05-11T09:33:22.808402Z', 'end_time': '2025-05-11T09:33:23.809772Z', 'is_productive': True, 'app_name': 'chrome.exe', 'keyboard_presses': 0}
2025-05-11 12:35:08,564 - TimeTracker - ERROR - Ошибка при отправке записи: 400 - {"status":"error","code":400,"detail":{"application":["Некорректный тип. Ожидалось значение первичного ключа, получен dict."]}}
2025-05-11 12:35:08,564 - TimeTracker - INFO - Отправляем пайлоад: {'application': {'server_id': 137}, 'title': 'Главная - Time Tracker - Google Chrome', 'start_time': '2025-05-11T09:33:22.808402Z', 'end_time': '2025-05-11T09:33:23.809772Z', 'is_productive': True, 'app_name': 'chrome.exe', 'keyboard_presses': 0}
2025-05-11 12:35:08,641 - TimeTracker - ERROR - Ошибка при отправке записи: 400 - {"status":"error","code":400,"detail":{"application":["Некорректный тип. Ожидалось значение первичного ключа, получен dict."]}}
2025-05-11 12:35:08,641 - TimeTracker - INFO - Отправляем пайлоад: {'application': {'server_id': 137}, 'title': 'Главная - Time Tracker - Google Chrome', 'start_time': '2025-05-11T09:33:22.808402Z', 'end_time': '2025-05-11T09:33:23.809772Z', 'is_productive': True, 'app_name': 'chrome.exe', 'keyboard_presses': 0}
2025-05-11 12:35:08,719 - TimeTracker - ERROR - Ошибка при отправке записи: 400 - {"status":"error","code":400,"detail":{"application":["Некорректный тип. Ожидалось значение первичного ключа, получен dict."]}}
2025-05-11 12:35:08,719 - TimeTracker - INFO - Отправляем пайлоад: {'application': {'server_id': 137}, 'title': 'Главная - Time Tracker - Google Chrome', 'start_time': '2025-05-11T09:33:22.808402Z', 'end_time': '2025-05-11T09:33:23.809772Z', 'is_productive': True, 'app_name': 'chrome.exe', 'keyboard_presses': 0}
2025-05-11 12:35:08,797 - TimeTracker - ERROR - Ошибка при отправке записи: 400 - {"status":"error","code":400,"detail":{"application":["Некорректный тип. Ожидалось значение первичного ключа, получен dict."]}}
2025-05-11 12:35:08,797 - TimeTracker - INFO - Отправляем пайлоад: {'application': {'server_id': 137}, 'title': 'Статистика - Time Tracker - Google Chrome', 'start_time': '2025-05-11T09:33:23.810545Z', 'end_time': '2025-05-11T09:33:39.968283Z', 'is_productive': True, 'app_name': 'chrome.exe', 'keyboard_presses': 2}
2025-05-11 12:35:08,881 - TimeTracker - ERROR - Ошибка при отправке записи: 400 - {"status":"error","code":400,"detail":{"application":["Некорректный тип. Ожидалось значение первичного ключа, получен dict."]}}
2025-05-11 12:35:08,882 - TimeTracker - INFO - Отправляем пайлоад: {'application': {'server_id': 137}, 'title': 'Главная - Time Tracker - Google Chrome', 'start_time': '2025-05-11T09:33:22.808402Z', 'end_time': '2025-05-11T09:33:23.809772Z', 'is_productive': True, 'app_name': 'chrome.exe', 'keyboard_presses': 0}
2025-05-11 12:35:08,968 - TimeTracker - ERROR - Ошибка при отправке записи: 400 - {"status":"error","code":400,"detail":{"application":["Некорректный тип. Ожидалось значение первичного ключа, получен dict."]}}
2025-05-11 12:35:08,968 - TimeTracker - INFO - Отправляем пайлоад: {'application': {'server_id': 137}, 'title': 'Главная - Time Tracker - Google Chrome', 'start_time': '2025-05-11T09:33:22.808402Z', 'end_time': '2025-05-11T09:33:23.809772Z', 'is_productive': True, 'app_name': 'chrome.exe', 'keyboard_presses': 0}
2025-05-11 12:35:09,045 - TimeTracker - ERROR - Ошибка при отправке записи: 400 - {"status":"error","code":400,"detail":{"application":["Некорректный тип. Ожидалось значение первичного ключа, получен dict."]}}
2025-05-11 12:35:09,046 - TimeTracker - INFO - Отправляем пайлоад: {'application': {'server_id': 137}, 'title': 'Статистика - Time Tracker - Google Chrome', 'start_time': '2025-05-11T09:33:23.810545Z', 'end_time': '2025-05-11T09:33:39.968283Z', 'is_productive': True, 'app_name': 'chrome.exe', 'keyboard_presses': 2}
2025-05-11 12:35:09,123 - TimeTracker - ERROR - Ошибка при отправке записи: 400 - {"status":"error","code":400,"detail":{"application":["Некорректный тип. Ожидалось значение первичного ключа, получен dict."]}}
2025-05-11 12:35:09,123 - TimeTracker - INFO - Отправляем пайлоад: {'application': {'server_id': 137}, 'title': 'Главная - Time Tracker - Google Chrome', 'start_time': '2025-05-11T09:33:22.808402Z', 'end_time': '2025-05-11T09:33:23.809772Z', 'is_productive': True, 'app_name': 'chrome.exe', 'keyboard_presses': 0}
2025-05-11 12:35:09,201 - TimeTracker - ERROR - Ошибка при отправке записи: 400 - {"status":"error","code":400,"detail":{"application":["Некорректный тип. Ожидалось значение первичного ключа, получен dict."]}}
2025-05-11 12:35:09,202 - TimeTracker - INFO - Отправляем пайлоад: {'application': {'server_id': 137}, 'title': 'Главная - Time Tracker - Google Chrome', 'start_time': '2025-05-11T09:33:22.808402Z', 'end_time': '2025-05-11T09:33:23.809772Z', 'is_productive': True, 'app_name': 'chrome.exe', 'keyboard_presses': 0}
2025-05-11 12:35:09,279 - TimeTracker - ERROR - Ошибка при отправке записи: 400 - {"status":"error","code":400,"detail":{"application":["Некорректный тип. Ожидалось значение первичного ключа, получен dict."]}}
2025-05-11 12:35:09,279 - TimeTracker - INFO - Отправляем пайлоад: {'application': {'server_id': 137}, 'title': 'Статистика - Time Tracker - Google Chrome', 'start_time': '2025-05-11T09:33:23.810545Z', 'end_time': '2025-05-11T09:33:39.968283Z', 'is_productive': True, 'app_name': 'chrome.exe', 'keyboard_presses': 2}
2025-05-11 12:35:09,356 - TimeTracker - ERROR - Ошибка при отправке записи: 400 - {"status":"error","code":400,"detail":{"application":["Некорректный тип. Ожидалось значение первичного ключа, получен dict."]}}
2025-05-11 12:35:09,356 - TimeTracker - INFO - Отправляем пайлоад: {'application': {'server_id': 137}, 'title': 'Главная - Time Tracker - Google Chrome', 'start_time': '2025-05-11T09:33:22.808402Z', 'end_time': '2025-05-11T09:33:23.809772Z', 'is_productive': True, 'app_name': 'chrome.exe', 'keyboard_presses': 0}
2025-05-11 12:35:09,450 - TimeTracker - ERROR - Ошибка при отправке записи: 400 - {"status":"error","code":400,"detail":{"application":["Некорректный тип. Ожидалось значение первичного ключа, получен dict."]}}
2025-05-11 12:35:09,450 - TimeTracker - INFO - Отправляем пайлоад: {'application': {'server_id': 137}, 'title': 'Главная - Time Tracker - Google Chrome', 'start_time': '2025-05-11T09:33:22.808402Z', 'end_time': '2025-05-11T09:33:23.809772Z', 'is_productive': True, 'app_name': 'chrome.exe', 'keyboard_presses': 0}
2025-05-11 12:35:09,529 - TimeTracker - ERROR - Ошибка при отправке записи: 400 - {"status":"error","code":400,"detail":{"application":["Некорректный тип. Ожидалось значение первичного ключа, получен dict."]}}
2025-05-11 12:35:09,529 - TimeTracker - INFO - Отправляем пайлоад: {'application': {'server_id': 137}, 'title': 'Статистика - Time Tracker - Google Chrome', 'start_time': '2025-05-11T09:33:23.810545Z', 'end_time': '2025-05-11T09:33:39.968283Z', 'is_productive': True, 'app_name': 'chrome.exe', 'keyboard_presses': 2}
2025-05-11 12:35:09,607 - TimeTracker - ERROR - Ошибка при отправке записи: 400 - {"status":"error","code":400,"detail":{"application":["Некорректный тип. Ожидалось значение первичного ключа, получен dict."]}}
2025-05-11 12:35:09,607 - TimeTracker - INFO - Отправляем пайлоад: {'application': {'server_id': 137}, 'title': 'Главная - Time Tracker - Google Chrome', 'start_time': '2025-05-11T09:33:22.808402Z', 'end_time': '2025-05-11T09:33:23.809772Z', 'is_productive': True, 'app_name': 'chrome.exe', 'keyboard_presses': 0}
2025-05-11 12:35:09,687 - TimeTracker - ERROR - Ошибка при отправке записи: 400 - {"status":"error","code":400,"detail":{"application":["Некорректный тип. Ожидалось значение первичного ключа, получен dict."]}}
2025-05-11 12:35:09,687 - TimeTracker - INFO - Отправляем пайлоад: {'application': {'server_id': 137}, 'title': 'Главная - Time Tracker - Google Chrome', 'start_time': '2025-05-11T09:33:22.808402Z', 'end_time': '2025-05-11T09:33:23.809772Z', 'is_productive': True, 'app_name': 'chrome.exe', 'keyboard_presses': 0}
2025-05-11 12:35:09,765 - TimeTracker - ERROR - Ошибка при отправке записи: 400 - {"status":"error","code":400,"detail":{"application":["Некорректный тип. Ожидалось значение первичного ключа, получен dict."]}}
2025-05-11 12:35:09,766 - TimeTracker - INFO - Отправляем пайлоад: {'application': {'server_id': 137}, 'title': 'Статистика - Time Tracker - Google Chrome', 'start_time': '2025-05-11T09:33:23.810545Z', 'end_time': '2025-05-11T09:33:39.968283Z', 'is_productive': True, 'app_name': 'chrome.exe', 'keyboard_presses': 2}
2025-05-11 12:35:09,846 - TimeTracker - ERROR - Ошибка при отправке записи: 400 - {"status":"error","code":400,"detail":{"application":["Некорректный тип. Ожидалось значение первичного ключа, получен dict."]}}
2025-05-11 12:35:09,846 - TimeTracker - INFO - Отправляем пайлоад: {'application': {'server_id': 137}, 'title': 'Главная - Time Tracker - Google Chrome', 'start_time': '2025-05-11T09:33:22.808402Z', 'end_time': '2025-05-11T09:33:23.809772Z', 'is_productive': True, 'app_name': 'chrome.exe', 'keyboard_presses': 0}
2025-05-11 12:35:09,921 - TimeTracker - ERROR - Ошибка при отправке записи: 400 - {"status":"error","code":400,"detail":{"application":["Некорректный тип. Ожидалось значение первичного ключа, получен dict."]}}
2025-05-11 12:35:09,921 - TimeTracker - ERROR - Ошибка при отправке данных: 400 - Успешно отправлено 0 из 20 записей
2025-05-11 12:35:09,998 - TimeTracker - INFO - Получено 10 приложений с сервера для синхронизации
2025-05-11 12:35:10,667 - TimeTracker - INFO - Обновлен список приложений: 126 процессов
2025-05-11 12:35:18,211 - TimeTracker - INFO - Вычисленная длительность: 1.00137 секунд
2025-05-11 12:35:18,212 - TimeTracker - INFO - Для приложения chrome.exe выбран ID={'server_id': 137}
2025-05-11 12:35:18,212 - TimeTracker - INFO - Отправляем клавиатурную активность: 53 нажатий
2025-05-11 12:35:18,212 - TimeTracker - INFO - Отправка активности: start_time=2025-05-11T09:33:22.808402Z, end_time=2025-05-11T09:33:23.809772Z, длительность=1.00137 секунд
2025-05-11 12:35:18,212 - TimeTracker - INFO - Вычисленная длительность: 16.157738 секунд
2025-05-11 12:35:18,212 - TimeTracker - INFO - Для приложения chrome.exe выбран ID={'server_id': 137}
2025-05-11 12:35:18,212 - TimeTracker - INFO - Отправка активности: start_time=2025-05-11T09:33:23.810545Z, end_time=2025-05-11T09:33:39.968283Z, длительность=16.157738 секунд
2025-05-11 12:35:18,212 - TimeTracker - INFO - Вычисленная длительность: 1.00137 секунд
2025-05-11 12:35:18,212 - TimeTracker - INFO - Для приложения chrome.exe выбран ID={'server_id': 137}
2025-05-11 12:35:18,213 - TimeTracker - INFO - Отправка активности: start_time=2025-05-11T09:33:22.808402Z, end_time=2025-05-11T09:33:23.809772Z, длительность=1.00137 секунд
2025-05-11 12:35:18,213 - TimeTracker - INFO - Вычисленная длительность: 1.00137 секунд
2025-05-11 12:35:18,213 - TimeTracker - INFO - Для приложения chrome.exe выбран ID={'server_id': 137}
2025-05-11 12:35:18,213 - TimeTracker - INFO - Отправка активности: start_time=2025-05-11T09:33:22.808402Z, end_time=2025-05-11T09:33:23.809772Z, длительность=1.00137 секунд
2025-05-11 12:35:18,213 - TimeTracker - INFO - Вычисленная длительность: 36.043059 секунд
2025-05-11 12:35:18,213 - TimeTracker - INFO - Для приложения cursor.exe выбран ID={'server_id': 133}
2025-05-11 12:35:18,213 - TimeTracker - INFO - Отправка активности: start_time=2025-05-11T09:34:16.461933Z, end_time=2025-05-11T09:34:52.504992Z, длительность=36.043059 секунд
2025-05-11 12:35:18,213 - TimeTracker - INFO - Вычисленная длительность: 1.001528 секунд
2025-05-11 12:35:18,213 - TimeTracker - INFO - Для приложения TimeTracker_new.exe выбран ID=142
2025-05-11 12:35:18,213 - TimeTracker - INFO - Отправка активности: start_time=2025-05-11T09:34:52.505929Z, end_time=2025-05-11T09:34:53.507457Z, длительность=1.001528 секунд
2025-05-11 12:35:18,213 - TimeTracker - INFO - Вычисленная длительность: 3.002972 секунд
2025-05-11 12:35:18,213 - TimeTracker - INFO - Для приложения chrome.exe выбран ID={'server_id': 137}
2025-05-11 12:35:18,213 - TimeTracker - INFO - Отправка активности: start_time=2025-05-11T09:34:54.508539Z, end_time=2025-05-11T09:34:57.511511Z, длительность=3.002972 секунд
2025-05-11 12:35:18,213 - TimeTracker - INFO - Вычисленная длительность: 16.157738 секунд
2025-05-11 12:35:18,213 - TimeTracker - INFO - Для приложения chrome.exe выбран ID={'server_id': 137}
2025-05-11 12:35:18,213 - TimeTracker - INFO - Отправка активности: start_time=2025-05-11T09:33:23.810545Z, end_time=2025-05-11T09:33:39.968283Z, длительность=16.157738 секунд
2025-05-11 12:35:18,213 - TimeTracker - INFO - Вычисленная длительность: 1.00137 секунд
2025-05-11 12:35:18,213 - TimeTracker - INFO - Для приложения chrome.exe выбран ID={'server_id': 137}
2025-05-11 12:35:18,213 - TimeTracker - INFO - Отправка активности: start_time=2025-05-11T09:33:22.808402Z, end_time=2025-05-11T09:33:23.809772Z, длительность=1.00137 секунд
2025-05-11 12:35:18,214 - TimeTracker - INFO - Вычисленная длительность: 1.00137 секунд
2025-05-11 12:35:18,214 - TimeTracker - INFO - Для приложения chrome.exe выбран ID={'server_id': 137}
2025-05-11 12:35:18,214 - TimeTracker - INFO - Отправка активности: start_time=2025-05-11T09:33:22.808402Z, end_time=2025-05-11T09:33:23.809772Z, длительность=1.00137 секунд
2025-05-11 12:35:18,214 - TimeTracker - INFO - Вычисленная длительность: 16.157738 секунд
2025-05-11 12:35:18,214 - TimeTracker - INFO - Для приложения chrome.exe выбран ID={'server_id': 137}
2025-05-11 12:35:18,214 - TimeTracker - INFO - Отправка активности: start_time=2025-05-11T09:33:23.810545Z, end_time=2025-05-11T09:33:39.968283Z, длительность=16.157738 секунд
2025-05-11 12:35:18,214 - TimeTracker - INFO - Вычисленная длительность: 1.00137 секунд
2025-05-11 12:35:18,214 - TimeTracker - INFO - Для приложения chrome.exe выбран ID={'server_id': 137}
2025-05-11 12:35:18,214 - TimeTracker - INFO - Отправка активности: start_time=2025-05-11T09:33:22.808402Z, end_time=2025-05-11T09:33:23.809772Z, длительность=1.00137 секунд
2025-05-11 12:35:18,214 - TimeTracker - INFO - Вычисленная длительность: 1.00137 секунд
2025-05-11 12:35:18,214 - TimeTracker - INFO - Для приложения chrome.exe выбран ID={'server_id': 137}
2025-05-11 12:35:18,214 - TimeTracker - INFO - Отправка активности: start_time=2025-05-11T09:33:22.808402Z, end_time=2025-05-11T09:33:23.809772Z, длительность=1.00137 секунд
2025-05-11 12:35:18,214 - TimeTracker - INFO - Вычисленная длительность: 16.157738 секунд
2025-05-11 12:35:18,214 - TimeTracker - INFO - Для приложения chrome.exe выбран ID={'server_id': 137}
2025-05-11 12:35:18,214 - TimeTracker - INFO - Отправка активности: start_time=2025-05-11T09:33:23.810545Z, end_time=2025-05-11T09:33:39.968283Z, длительность=16.157738 секунд
2025-05-11 12:35:18,214 - TimeTracker - INFO - Вычисленная длительность: 1.00137 секунд
2025-05-11 12:35:18,214 - TimeTracker - INFO - Для приложения chrome.exe выбран ID={'server_id': 137}
2025-05-11 12:35:18,214 - TimeTracker - INFO - Отправка активности: start_time=2025-05-11T09:33:22.808402Z, end_time=2025-05-11T09:33:23.809772Z, длительность=1.00137 секунд
2025-05-11 12:35:18,215 - TimeTracker - INFO - Вычисленная длительность: 1.00137 секунд
2025-05-11 12:35:18,215 - TimeTracker - INFO - Для приложения chrome.exe выбран ID={'server_id': 137}
2025-05-11 12:35:18,215 - TimeTracker - INFO - Отправка активности: start_time=2025-05-11T09:33:22.808402Z, end_time=2025-05-11T09:33:23.809772Z, длительность=1.00137 секунд
2025-05-11 12:35:18,215 - TimeTracker - INFO - Вычисленная длительность: 16.157738 секунд
2025-05-11 12:35:18,215 - TimeTracker - INFO - Для приложения chrome.exe выбран ID={'server_id': 137}
2025-05-11 12:35:18,215 - TimeTracker - INFO - Отправка активности: start_time=2025-05-11T09:33:23.810545Z, end_time=2025-05-11T09:33:39.968283Z, длительность=16.157738 секунд
2025-05-11 12:35:18,215 - TimeTracker - INFO - Вычисленная длительность: 1.00137 секунд
2025-05-11 12:35:18,215 - TimeTracker - INFO - Для приложения chrome.exe выбран ID={'server_id': 137}
2025-05-11 12:35:18,215 - TimeTracker - INFO - Отправка активности: start_time=2025-05-11T09:33:22.808402Z, end_time=2025-05-11T09:33:23.809772Z, длительность=1.00137 секунд
2025-05-11 12:35:18,215 - TimeTracker - INFO - Вычисленная длительность: 1.00137 секунд
2025-05-11 12:35:18,215 - TimeTracker - INFO - Для приложения chrome.exe выбран ID={'server_id': 137}
2025-05-11 12:35:18,215 - TimeTracker - INFO - Отправка активности: start_time=2025-05-11T09:33:22.808402Z, end_time=2025-05-11T09:33:23.809772Z, длительность=1.00137 секунд
2025-05-11 12:35:18,215 - TimeTracker - INFO - Вычисленная длительность: 16.157738 секунд
2025-05-11 12:35:18,215 - TimeTracker - INFO - Для приложения chrome.exe выбран ID={'server_id': 137}
2025-05-11 12:35:18,215 - TimeTracker - INFO - Отправка активности: start_time=2025-05-11T09:33:23.810545Z, end_time=2025-05-11T09:33:39.968283Z, длительность=16.157738 секунд
2025-05-11 12:35:18,215 - TimeTracker - INFO - Отправка 20 записей активности на сервер.
2025-05-11 12:35:18,215 - TimeTracker - INFO - API URL: http://46.173.26.149:8000/api/activities/, Токен: eyJhbGciOi...
2025-05-11 12:35:18,215 - TimeTracker - INFO - Отправляем пайлоад: {'application': {'server_id': 137}, 'title': 'Главная - Time Tracker - Google Chrome', 'start_time': '2025-05-11T09:33:22.808402Z', 'end_time': '2025-05-11T09:33:23.809772Z', 'is_productive': True, 'app_name': 'chrome.exe', 'keyboard_presses': 53}
2025-05-11 12:35:18,306 - TimeTracker - ERROR - Ошибка при отправке записи: 400 - {"status":"error","code":400,"detail":{"application":["Некорректный тип. Ожидалось значение первичного ключа, получен dict."]}}
2025-05-11 12:35:18,306 - TimeTracker - INFO - Отправляем пайлоад: {'application': {'server_id': 137}, 'title': 'Статистика - Time Tracker - Google Chrome', 'start_time': '2025-05-11T09:33:23.810545Z', 'end_time': '2025-05-11T09:33:39.968283Z', 'is_productive': True, 'app_name': 'chrome.exe', 'keyboard_presses': 2}
2025-05-11 12:35:18,379 - TimeTracker - ERROR - Ошибка при отправке записи: 400 - {"status":"error","code":400,"detail":{"application":["Некорректный тип. Ожидалось значение первичного ключа, получен dict."]}}
2025-05-11 12:35:18,379 - TimeTracker - INFO - Отправляем пайлоад: {'application': {'server_id': 137}, 'title': 'Главная - Time Tracker - Google Chrome', 'start_time': '2025-05-11T09:33:22.808402Z', 'end_time': '2025-05-11T09:33:23.809772Z', 'is_productive': True, 'app_name': 'chrome.exe', 'keyboard_presses': 0}
2025-05-11 12:35:18,456 - TimeTracker - ERROR - Ошибка при отправке записи: 400 - {"status":"error","code":400,"detail":{"application":["Некорректный тип. Ожидалось значение первичного ключа, получен dict."]}}
2025-05-11 12:35:18,457 - TimeTracker - INFO - Отправляем пайлоад: {'application': {'server_id': 137}, 'title': 'Главная - Time Tracker - Google Chrome', 'start_time': '2025-05-11T09:33:22.808402Z', 'end_time': '2025-05-11T09:33:23.809772Z', 'is_productive': True, 'app_name': 'chrome.exe', 'keyboard_presses': 0}
2025-05-11 12:35:18,534 - TimeTracker - ERROR - Ошибка при отправке записи: 400 - {"status":"error","code":400,"detail":{"application":["Некорректный тип. Ожидалось значение первичного ключа, получен dict."]}}
2025-05-11 12:35:18,534 - TimeTracker - INFO - Отправляем пайлоад: {'application': {'server_id': 133}, 'title': 'main.py - Tracker33 - Cursor', 'start_time': '2025-05-11T09:34:16.461933Z', 'end_time': '2025-05-11T09:34:52.504992Z', 'is_productive': True, 'app_name': 'cursor.exe', 'keyboard_presses': 19}
2025-05-11 12:35:18,613 - TimeTracker - ERROR - Ошибка при отправке записи: 400 - {"status":"error","code":400,"detail":{"application":["Некорректный тип. Ожидалось значение первичного ключа, получен dict."]}}
2025-05-11 12:35:18,613 - TimeTracker - INFO - Отправляем пайлоад: {'application': 142, 'title': 'Успешно', 'start_time': '2025-05-11T09:34:52.505929Z', 'end_time': '2025-05-11T09:34:53.507457Z', 'is_productive': False, 'app_name': 'TimeTracker_new.exe', 'keyboard_presses': 3}
2025-05-11 12:35:18,706 - TimeTracker - INFO - Успешно отправлено: 201 - {"id":1685,"user":5,"application":143,"start_time":"2025-05-11T12:34:52.505929+03:00","end_time":"2025-05-11T12:34:53.507457+03:00","duration":"00:00:01.001528","keyboard_presses":3}
2025-05-11 12:35:18,706 - TimeTracker - INFO - Отправляем пайлоад: {'application': {'server_id': 137}, 'title': 'Статистика - Time Tracker - Google Chrome', 'start_time': '2025-05-11T09:34:54.508539Z', 'end_time': '2025-05-11T09:34:57.511511Z', 'is_productive': True, 'app_name': 'chrome.exe', 'keyboard_presses': 2}
2025-05-11 12:35:18,784 - TimeTracker - ERROR - Ошибка при отправке записи: 400 - {"status":"error","code":400,"detail":{"application":["Некорректный тип. Ожидалось значение первичного ключа, получен dict."]}}
2025-05-11 12:35:18,784 - TimeTracker - INFO - Отправляем пайлоад: {'application': {'server_id': 137}, 'title': 'Статистика - Time Tracker - Google Chrome', 'start_time': '2025-05-11T09:33:23.810545Z', 'end_time': '2025-05-11T09:33:39.968283Z', 'is_productive': True, 'app_name': 'chrome.exe', 'keyboard_presses': 2}
2025-05-11 12:35:18,861 - TimeTracker - ERROR - Ошибка при отправке записи: 400 - {"status":"error","code":400,"detail":{"application":["Некорректный тип. Ожидалось значение первичного ключа, получен dict."]}}
2025-05-11 12:35:18,862 - TimeTracker - INFO - Отправляем пайлоад: {'application': {'server_id': 137}, 'title': 'Главная - Time Tracker - Google Chrome', 'start_time': '2025-05-11T09:33:22.808402Z', 'end_time': '2025-05-11T09:33:23.809772Z', 'is_productive': True, 'app_name': 'chrome.exe', 'keyboard_presses': 0}
2025-05-11 12:35:18,939 - TimeTracker - ERROR - Ошибка при отправке записи: 400 - {"status":"error","code":400,"detail":{"application":["Некорректный тип. Ожидалось значение первичного ключа, получен dict."]}}
2025-05-11 12:35:18,939 - TimeTracker - INFO - Отправляем пайлоад: {'application': {'server_id': 137}, 'title': 'Главная - Time Tracker - Google Chrome', 'start_time': '2025-05-11T09:33:22.808402Z', 'end_time': '2025-05-11T09:33:23.809772Z', 'is_productive': True, 'app_name': 'chrome.exe', 'keyboard_presses': 0}
2025-05-11 12:35:19,016 - TimeTracker - ERROR - Ошибка при отправке записи: 400 - {"status":"error","code":400,"detail":{"application":["Некорректный тип. Ожидалось значение первичного ключа, получен dict."]}}
2025-05-11 12:35:19,016 - TimeTracker - INFO - Отправляем пайлоад: {'application': {'server_id': 137}, 'title': 'Статистика - Time Tracker - Google Chrome', 'start_time': '2025-05-11T09:33:23.810545Z', 'end_time': '2025-05-11T09:33:39.968283Z', 'is_productive': True, 'app_name': 'chrome.exe', 'keyboard_presses': 2}
2025-05-11 12:35:19,095 - TimeTracker - ERROR - Ошибка при отправке записи: 400 - {"status":"error","code":400,"detail":{"application":["Некорректный тип. Ожидалось значение первичного ключа, получен dict."]}}
2025-05-11 12:35:19,095 - TimeTracker - INFO - Отправляем пайлоад: {'application': {'server_id': 137}, 'title': 'Главная - Time Tracker - Google Chrome', 'start_time': '2025-05-11T09:33:22.808402Z', 'end_time': '2025-05-11T09:33:23.809772Z', 'is_productive': True, 'app_name': 'chrome.exe', 'keyboard_presses': 0}
2025-05-11 12:35:19,173 - TimeTracker - ERROR - Ошибка при отправке записи: 400 - {"status":"error","code":400,"detail":{"application":["Некорректный тип. Ожидалось значение первичного ключа, получен dict."]}}
2025-05-11 12:35:19,173 - TimeTracker - INFO - Отправляем пайлоад: {'application': {'server_id': 137}, 'title': 'Главная - Time Tracker - Google Chrome', 'start_time': '2025-05-11T09:33:22.808402Z', 'end_time': '2025-05-11T09:33:23.809772Z', 'is_productive': True, 'app_name': 'chrome.exe', 'keyboard_presses': 0}
2025-05-11 12:35:19,251 - TimeTracker - ERROR - Ошибка при отправке записи: 400 - {"status":"error","code":400,"detail":{"application":["Некорректный тип. Ожидалось значение первичного ключа, получен dict."]}}
2025-05-11 12:35:19,251 - TimeTracker - INFO - Отправляем пайлоад: {'application': {'server_id': 137}, 'title': 'Статистика - Time Tracker - Google Chrome', 'start_time': '2025-05-11T09:33:23.810545Z', 'end_time': '2025-05-11T09:33:39.968283Z', 'is_productive': True, 'app_name': 'chrome.exe', 'keyboard_presses': 2}
2025-05-11 12:35:19,329 - TimeTracker - ERROR - Ошибка при отправке записи: 400 - {"status":"error","code":400,"detail":{"application":["Некорректный тип. Ожидалось значение первичного ключа, получен dict."]}}
2025-05-11 12:35:19,329 - TimeTracker - INFO - Отправляем пайлоад: {'application': {'server_id': 137}, 'title': 'Главная - Time Tracker - Google Chrome', 'start_time': '2025-05-11T09:33:22.808402Z', 'end_time': '2025-05-11T09:33:23.809772Z', 'is_productive': True, 'app_name': 'chrome.exe', 'keyboard_presses': 0}
2025-05-11 12:35:19,407 - TimeTracker - ERROR - Ошибка при отправке записи: 400 - {"status":"error","code":400,"detail":{"application":["Некорректный тип. Ожидалось значение первичного ключа, получен dict."]}}
2025-05-11 12:35:19,407 - TimeTracker - INFO - Отправляем пайлоад: {'application': {'server_id': 137}, 'title': 'Главная - Time Tracker - Google Chrome', 'start_time': '2025-05-11T09:33:22.808402Z', 'end_time': '2025-05-11T09:33:23.809772Z', 'is_productive': True, 'app_name': 'chrome.exe', 'keyboard_presses': 0}
2025-05-11 12:35:19,485 - TimeTracker - ERROR - Ошибка при отправке записи: 400 - {"status":"error","code":400,"detail":{"application":["Некорректный тип. Ожидалось значение первичного ключа, получен dict."]}}
2025-05-11 12:35:19,485 - TimeTracker - INFO - Отправляем пайлоад: {'application': {'server_id': 137}, 'title': 'Статистика - Time Tracker - Google Chrome', 'start_time': '2025-05-11T09:33:23.810545Z', 'end_time': '2025-05-11T09:33:39.968283Z', 'is_productive': True, 'app_name': 'chrome.exe', 'keyboard_presses': 2}
2025-05-11 12:35:19,562 - TimeTracker - ERROR - Ошибка при отправке записи: 400 - {"status":"error","code":400,"detail":{"application":["Некорректный тип. Ожидалось значение первичного ключа, получен dict."]}}
2025-05-11 12:35:19,563 - TimeTracker - INFO - Отправляем пайлоад: {'application': {'server_id': 137}, 'title': 'Главная - Time Tracker - Google Chrome', 'start_time': '2025-05-11T09:33:22.808402Z', 'end_time': '2025-05-11T09:33:23.809772Z', 'is_productive': True, 'app_name': 'chrome.exe', 'keyboard_presses': 0}
2025-05-11 12:35:19,640 - TimeTracker - ERROR - Ошибка при отправке записи: 400 - {"status":"error","code":400,"detail":{"application":["Некорректный тип. Ожидалось значение первичного ключа, получен dict."]}}
2025-05-11 12:35:19,641 - TimeTracker - INFO - Отправляем пайлоад: {'application': {'server_id': 137}, 'title': 'Главная - Time Tracker - Google Chrome', 'start_time': '2025-05-11T09:33:22.808402Z', 'end_time': '2025-05-11T09:33:23.809772Z', 'is_productive': True, 'app_name': 'chrome.exe', 'keyboard_presses': 0}
2025-05-11 12:35:19,718 - TimeTracker - ERROR - Ошибка при отправке записи: 400 - {"status":"error","code":400,"detail":{"application":["Некорректный тип. Ожидалось значение первичного ключа, получен dict."]}}
2025-05-11 12:35:19,718 - TimeTracker - INFO - Отправляем пайлоад: {'application': {'server_id': 137}, 'title': 'Статистика - Time Tracker - Google Chrome', 'start_time': '2025-05-11T09:33:23.810545Z', 'end_time': '2025-05-11T09:33:39.968283Z', 'is_productive': True, 'app_name': 'chrome.exe', 'keyboard_presses': 2}
2025-05-11 12:35:19,795 - TimeTracker - ERROR - Ошибка при отправке записи: 400 - {"status":"error","code":400,"detail":{"application":["Некорректный тип. Ожидалось значение первичного ключа, получен dict."]}}
2025-05-11 12:35:19,795 - TimeTracker - INFO - Успешно отправлено 20 записей активности.
2025-05-11 12:35:20,451 - TimeTracker - INFO - Обновлен список приложений: 126 процессов
2025-05-11 12:35:28,216 - TimeTracker - INFO - Вычисленная длительность: 1.00137 секунд
2025-05-11 12:35:28,216 - TimeTracker - INFO - Для приложения chrome.exe выбран ID={'server_id': 137}
2025-05-11 12:35:28,216 - TimeTracker - INFO - Отправляем клавиатурную активность: 45 нажатий
2025-05-11 12:35:28,216 - TimeTracker - INFO - Отправка активности: start_time=2025-05-11T09:33:22.808402Z, end_time=2025-05-11T09:33:23.809772Z, длительность=1.00137 секунд
2025-05-11 12:35:28,216 - TimeTracker - INFO - Вычисленная длительность: 1.00137 секунд
2025-05-11 12:35:28,217 - TimeTracker - INFO - Для приложения chrome.exe выбран ID={'server_id': 137}
2025-05-11 12:35:28,217 - TimeTracker - INFO - Отправка активности: start_time=2025-05-11T09:33:22.808402Z, end_time=2025-05-11T09:33:23.809772Z, длительность=1.00137 секунд
2025-05-11 12:35:28,217 - TimeTracker - INFO - Вычисленная длительность: 16.157738 секунд
2025-05-11 12:35:28,217 - TimeTracker - INFO - Для приложения chrome.exe выбран ID={'server_id': 137}
2025-05-11 12:35:28,217 - TimeTracker - INFO - Отправка активности: start_time=2025-05-11T09:33:23.810545Z, end_time=2025-05-11T09:33:39.968283Z, длительность=16.157738 секунд
2025-05-11 12:35:28,217 - TimeTracker - INFO - Вычисленная длительность: 1.00137 секунд
2025-05-11 12:35:28,217 - TimeTracker - INFO - Для приложения chrome.exe выбран ID={'server_id': 137}
2025-05-11 12:35:28,217 - TimeTracker - INFO - Отправка активности: start_time=2025-05-11T09:33:22.808402Z, end_time=2025-05-11T09:33:23.809772Z, длительность=1.00137 секунд
2025-05-11 12:35:28,217 - TimeTracker - INFO - Вычисленная длительность: 1.00137 секунд
2025-05-11 12:35:28,217 - TimeTracker - INFO - Для приложения chrome.exe выбран ID={'server_id': 137}
2025-05-11 12:35:28,217 - TimeTracker - INFO - Отправка активности: start_time=2025-05-11T09:33:22.808402Z, end_time=2025-05-11T09:33:23.809772Z, длительность=1.00137 секунд
2025-05-11 12:35:28,217 - TimeTracker - INFO - Вычисленная длительность: 16.157738 секунд
2025-05-11 12:35:28,217 - TimeTracker - INFO - Для приложения chrome.exe выбран ID={'server_id': 137}
2025-05-11 12:35:28,217 - TimeTracker - INFO - Отправка активности: start_time=2025-05-11T09:33:23.810545Z, end_time=2025-05-11T09:33:39.968283Z, длительность=16.157738 секунд
2025-05-11 12:35:28,218 - TimeTracker - INFO - Вычисленная длительность: 1.00137 секунд
2025-05-11 12:35:28,218 - TimeTracker - INFO - Для приложения chrome.exe выбран ID={'server_id': 137}
2025-05-11 12:35:28,218 - TimeTracker - INFO - Отправка активности: start_time=2025-05-11T09:33:22.808402Z, end_time=2025-05-11T09:33:23.809772Z, длительность=1.00137 секунд
2025-05-11 12:35:28,218 - TimeTracker - INFO - Вычисленная длительность: 16.157738 секунд
2025-05-11 12:35:28,218 - TimeTracker - INFO - Для приложения chrome.exe выбран ID={'server_id': 137}
2025-05-11 12:35:28,218 - TimeTracker - INFO - Отправка активности: start_time=2025-05-11T09:33:23.810545Z, end_time=2025-05-11T09:33:39.968283Z, длительность=16.157738 секунд
2025-05-11 12:35:28,218 - TimeTracker - INFO - Вычисленная длительность: 1.00137 секунд
2025-05-11 12:35:28,218 - TimeTracker - INFO - Для приложения chrome.exe выбран ID={'server_id': 137}
2025-05-11 12:35:28,218 - TimeTracker - INFO - Отправка активности: start_time=2025-05-11T09:33:22.808402Z, end_time=2025-05-11T09:33:23.809772Z, длительность=1.00137 секунд
2025-05-11 12:35:28,218 - TimeTracker - INFO - Вычисленная длительность: 1.00137 секунд
2025-05-11 12:35:28,218 - TimeTracker - INFO - Для приложения chrome.exe выбран ID={'server_id': 137}
2025-05-11 12:35:28,218 - TimeTracker - INFO - Отправка активности: start_time=2025-05-11T09:33:22.808402Z, end_time=2025-05-11T09:33:23.809772Z, длительность=1.00137 секунд
2025-05-11 12:35:28,218 - TimeTracker - INFO - Вычисленная длительность: 16.157738 секунд
2025-05-11 12:35:28,218 - TimeTracker - INFO - Для приложения chrome.exe выбран ID={'server_id': 137}
2025-05-11 12:35:28,219 - TimeTracker - INFO - Отправка активности: start_time=2025-05-11T09:33:23.810545Z, end_time=2025-05-11T09:33:39.968283Z, длительность=16.157738 секунд
2025-05-11 12:35:28,219 - TimeTracker - INFO - Вычисленная длительность: 1.00137 секунд
2025-05-11 12:35:28,219 - TimeTracker - INFO - Для приложения chrome.exe выбран ID={'server_id': 137}
2025-05-11 12:35:28,219 - TimeTracker - INFO - Отправка активности: start_time=2025-05-11T09:33:22.808402Z, end_time=2025-05-11T09:33:23.809772Z, длительность=1.00137 секунд
2025-05-11 12:35:28,219 - TimeTracker - INFO - Вычисленная длительность: 1.00137 секунд
2025-05-11 12:35:28,219 - TimeTracker - INFO - Для приложения chrome.exe выбран ID={'server_id': 137}
2025-05-11 12:35:28,219 - TimeTracker - INFO - Отправка активности: start_time=2025-05-11T09:33:22.808402Z, end_time=2025-05-11T09:33:23.809772Z, длительность=1.00137 секунд
2025-05-11 12:35:28,219 - TimeTracker - INFO - Вычисленная длительность: 16.157738 секунд
2025-05-11 12:35:28,219 - TimeTracker - INFO - Для приложения chrome.exe выбран ID={'server_id': 137}
2025-05-11 12:35:28,219 - TimeTracker - INFO - Отправка активности: start_time=2025-05-11T09:33:23.810545Z, end_time=2025-05-11T09:33:39.968283Z, длительность=16.157738 секунд
2025-05-11 12:35:28,219 - TimeTracker - INFO - Вычисленная длительность: 1.00137 секунд
2025-05-11 12:35:28,219 - TimeTracker - INFO - Для приложения chrome.exe выбран ID={'server_id': 137}
2025-05-11 12:35:28,219 - TimeTracker - INFO - Отправка активности: start_time=2025-05-11T09:33:22.808402Z, end_time=2025-05-11T09:33:23.809772Z, длительность=1.00137 секунд
2025-05-11 12:35:28,219 - TimeTracker - INFO - Вычисленная длительность: 1.00137 секунд
2025-05-11 12:35:28,219 - TimeTracker - INFO - Для приложения chrome.exe выбран ID={'server_id': 137}
2025-05-11 12:35:28,220 - TimeTracker - INFO - Отправка активности: start_time=2025-05-11T09:33:22.808402Z, end_time=2025-05-11T09:33:23.809772Z, длительность=1.00137 секунд
2025-05-11 12:35:28,220 - TimeTracker - INFO - Вычисленная длительность: 16.157738 секунд
2025-05-11 12:35:28,220 - TimeTracker - INFO - Для приложения chrome.exe выбран ID={'server_id': 137}
2025-05-11 12:35:28,220 - TimeTracker - INFO - Отправка активности: start_time=2025-05-11T09:33:23.810545Z, end_time=2025-05-11T09:33:39.968283Z, длительность=16.157738 секунд
2025-05-11 12:35:28,220 - TimeTracker - INFO - Вычисленная длительность: 1.00137 секунд
2025-05-11 12:35:28,220 - TimeTracker - INFO - Для приложения chrome.exe выбран ID={'server_id': 137}
2025-05-11 12:35:28,220 - TimeTracker - INFO - Отправка активности: start_time=2025-05-11T09:33:22.808402Z, end_time=2025-05-11T09:33:23.809772Z, длительность=1.00137 секунд
2025-05-11 12:35:28,220 - TimeTracker - INFO - Вычисленная длительность: 1.00137 секунд
2025-05-11 12:35:28,220 - TimeTracker - INFO - Для приложения chrome.exe выбран ID={'server_id': 137}
2025-05-11 12:35:28,220 - TimeTracker - INFO - Отправка активности: start_time=2025-05-11T09:33:22.808402Z, end_time=2025-05-11T09:33:23.809772Z, длительность=1.00137 секунд
2025-05-11 12:35:28,220 - TimeTracker - INFO - Вычисленная длительность: 16.157738 секунд
2025-05-11 12:35:28,220 - TimeTracker - INFO - Для приложения chrome.exe выбран ID={'server_id': 137}
2025-05-11 12:35:28,220 - TimeTracker - INFO - Отправка активности: start_time=2025-05-11T09:33:23.810545Z, end_time=2025-05-11T09:33:39.968283Z, длительность=16.157738 секунд
2025-05-11 12:35:28,220 - TimeTracker - INFO - Отправка 20 записей активности на сервер.
2025-05-11 12:35:28,220 - TimeTracker - INFO - API URL: http://46.173.26.149:8000/api/activities/, Токен: eyJhbGciOi...
2025-05-11 12:35:28,221 - TimeTracker - INFO - Отправляем пайлоад: {'application': {'server_id': 137}, 'title': 'Главная - Time Tracker - Google Chrome', 'start_time': '2025-05-11T09:33:22.808402Z', 'end_time': '2025-05-11T09:33:23.809772Z', 'is_productive': True, 'app_name': 'chrome.exe', 'keyboard_presses': 45}
2025-05-11 12:35:28,304 - TimeTracker - ERROR - Ошибка при отправке записи: 400 - {"status":"error","code":400,"detail":{"application":["Некорректный тип. Ожидалось значение первичного ключа, получен dict."]}}
2025-05-11 12:35:28,304 - TimeTracker - INFO - Отправляем пайлоад: {'application': {'server_id': 137}, 'title': 'Главная - Time Tracker - Google Chrome', 'start_time': '2025-05-11T09:33:22.808402Z', 'end_time': '2025-05-11T09:33:23.809772Z', 'is_productive': True, 'app_name': 'chrome.exe', 'keyboard_presses': 0}
2025-05-11 12:35:28,382 - TimeTracker - ERROR - Ошибка при отправке записи: 400 - {"status":"error","code":400,"detail":{"application":["Некорректный тип. Ожидалось значение первичного ключа, получен dict."]}}
2025-05-11 12:35:28,382 - TimeTracker - INFO - Отправляем пайлоад: {'application': {'server_id': 137}, 'title': 'Статистика - Time Tracker - Google Chrome', 'start_time': '2025-05-11T09:33:23.810545Z', 'end_time': '2025-05-11T09:33:39.968283Z', 'is_productive': True, 'app_name': 'chrome.exe', 'keyboard_presses': 2}
2025-05-11 12:35:28,460 - TimeTracker - ERROR - Ошибка при отправке записи: 400 - {"status":"error","code":400,"detail":{"application":["Некорректный тип. Ожидалось значение первичного ключа, получен dict."]}}
2025-05-11 12:35:28,461 - TimeTracker - INFO - Отправляем пайлоад: {'application': {'server_id': 137}, 'title': 'Главная - Time Tracker - Google Chrome', 'start_time': '2025-05-11T09:33:22.808402Z', 'end_time': '2025-05-11T09:33:23.809772Z', 'is_productive': True, 'app_name': 'chrome.exe', 'keyboard_presses': 0}
2025-05-11 12:35:28,538 - TimeTracker - ERROR - Ошибка при отправке записи: 400 - {"status":"error","code":400,"detail":{"application":["Некорректный тип. Ожидалось значение первичного ключа, получен dict."]}}
2025-05-11 12:35:28,538 - TimeTracker - INFO - Отправляем пайлоад: {'application': {'server_id': 137}, 'title': 'Главная - Time Tracker - Google Chrome', 'start_time': '2025-05-11T09:33:22.808402Z', 'end_time': '2025-05-11T09:33:23.809772Z', 'is_productive': True, 'app_name': 'chrome.exe', 'keyboard_presses': 0}
2025-05-11 12:35:28,615 - TimeTracker - ERROR - Ошибка при отправке записи: 400 - {"status":"error","code":400,"detail":{"application":["Некорректный тип. Ожидалось значение первичного ключа, получен dict."]}}
2025-05-11 12:35:28,615 - TimeTracker - INFO - Отправляем пайлоад: {'application': {'server_id': 137}, 'title': 'Статистика - Time Tracker - Google Chrome', 'start_time': '2025-05-11T09:33:23.810545Z', 'end_time': '2025-05-11T09:33:39.968283Z', 'is_productive': True, 'app_name': 'chrome.exe', 'keyboard_presses': 2}
2025-05-11 12:35:28,693 - TimeTracker - ERROR - Ошибка при отправке записи: 400 - {"status":"error","code":400,"detail":{"application":["Некорректный тип. Ожидалось значение первичного ключа, получен dict."]}}
2025-05-11 12:35:28,693 - TimeTracker - INFO - Отправляем пайлоад: {'application': {'server_id': 137}, 'title': 'Главная - Time Tracker - Google Chrome', 'start_time': '2025-05-11T09:33:22.808402Z', 'end_time': '2025-05-11T09:33:23.809772Z', 'is_productive': True, 'app_name': 'chrome.exe', 'keyboard_presses': 0}
2025-05-11 12:35:28,770 - TimeTracker - ERROR - Ошибка при отправке записи: 400 - {"status":"error","code":400,"detail":{"application":["Некорректный тип. Ожидалось значение первичного ключа, получен dict."]}}
2025-05-11 12:35:28,771 - TimeTracker - INFO - Отправляем пайлоад: {'application': {'server_id': 137}, 'title': 'Статистика - Time Tracker - Google Chrome', 'start_time': '2025-05-11T09:33:23.810545Z', 'end_time': '2025-05-11T09:33:39.968283Z', 'is_productive': True, 'app_name': 'chrome.exe', 'keyboard_presses': 2}
2025-05-11 12:35:28,848 - TimeTracker - ERROR - Ошибка при отправке записи: 400 - {"status":"error","code":400,"detail":{"application":["Некорректный тип. Ожидалось значение первичного ключа, получен dict."]}}
2025-05-11 12:35:28,848 - TimeTracker - INFO - Отправляем пайлоад: {'application': {'server_id': 137}, 'title': 'Главная - Time Tracker - Google Chrome', 'start_time': '2025-05-11T09:33:22.808402Z', 'end_time': '2025-05-11T09:33:23.809772Z', 'is_productive': True, 'app_name': 'chrome.exe', 'keyboard_presses': 0}
2025-05-11 12:35:28,927 - TimeTracker - ERROR - Ошибка при отправке записи: 400 - {"status":"error","code":400,"detail":{"application":["Некорректный тип. Ожидалось значение первичного ключа, получен dict."]}}
2025-05-11 12:35:28,927 - TimeTracker - INFO - Отправляем пайлоад: {'application': {'server_id': 137}, 'title': 'Главная - Time Tracker - Google Chrome', 'start_time': '2025-05-11T09:33:22.808402Z', 'end_time': '2025-05-11T09:33:23.809772Z', 'is_productive': True, 'app_name': 'chrome.exe', 'keyboard_presses': 0}
2025-05-11 12:35:29,004 - TimeTracker - ERROR - Ошибка при отправке записи: 400 - {"status":"error","code":400,"detail":{"application":["Некорректный тип. Ожидалось значение первичного ключа, получен dict."]}}
2025-05-11 12:35:29,004 - TimeTracker - INFO - Отправляем пайлоад: {'application': {'server_id': 137}, 'title': 'Статистика - Time Tracker - Google Chrome', 'start_time': '2025-05-11T09:33:23.810545Z', 'end_time': '2025-05-11T09:33:39.968283Z', 'is_productive': True, 'app_name': 'chrome.exe', 'keyboard_presses': 2}
2025-05-11 12:35:29,082 - TimeTracker - ERROR - Ошибка при отправке записи: 400 - {"status":"error","code":400,"detail":{"application":["Некорректный тип. Ожидалось значение первичного ключа, получен dict."]}}
2025-05-11 12:35:29,082 - TimeTracker - INFO - Отправляем пайлоад: {'application': {'server_id': 137}, 'title': 'Главная - Time Tracker - Google Chrome', 'start_time': '2025-05-11T09:33:22.808402Z', 'end_time': '2025-05-11T09:33:23.809772Z', 'is_productive': True, 'app_name': 'chrome.exe', 'keyboard_presses': 0}
2025-05-11 12:35:29,159 - TimeTracker - ERROR - Ошибка при отправке записи: 400 - {"status":"error","code":400,"detail":{"application":["Некорректный тип. Ожидалось значение первичного ключа, получен dict."]}}
2025-05-11 12:35:29,160 - TimeTracker - INFO - Отправляем пайлоад: {'application': {'server_id': 137}, 'title': 'Главная - Time Tracker - Google Chrome', 'start_time': '2025-05-11T09:33:22.808402Z', 'end_time': '2025-05-11T09:33:23.809772Z', 'is_productive': True, 'app_name': 'chrome.exe', 'keyboard_presses': 0}
2025-05-11 12:35:29,355 - TimeTracker - ERROR - Ошибка при отправке записи: 400 - {"status":"error","code":400,"detail":{"application":["Некорректный тип. Ожидалось значение первичного ключа, получен dict."]}}
2025-05-11 12:35:29,355 - TimeTracker - INFO - Отправляем пайлоад: {'application': {'server_id': 137}, 'title': 'Статистика - Time Tracker - Google Chrome', 'start_time': '2025-05-11T09:33:23.810545Z', 'end_time': '2025-05-11T09:33:39.968283Z', 'is_productive': True, 'app_name': 'chrome.exe', 'keyboard_presses': 2}
2025-05-11 12:35:29,439 - TimeTracker - ERROR - Ошибка при отправке записи: 400 - {"status":"error","code":400,"detail":{"application":["Некорректный тип. Ожидалось значение первичного ключа, получен dict."]}}
2025-05-11 12:35:29,439 - TimeTracker - INFO - Отправляем пайлоад: {'application': {'server_id': 137}, 'title': 'Главная - Time Tracker - Google Chrome', 'start_time': '2025-05-11T09:33:22.808402Z', 'end_time': '2025-05-11T09:33:23.809772Z', 'is_productive': True, 'app_name': 'chrome.exe', 'keyboard_presses': 0}
2025-05-11 12:35:29,517 - TimeTracker - ERROR - Ошибка при отправке записи: 400 - {"status":"error","code":400,"detail":{"application":["Некорректный тип. Ожидалось значение первичного ключа, получен dict."]}}
2025-05-11 12:35:29,517 - TimeTracker - INFO - Отправляем пайлоад: {'application': {'server_id': 137}, 'title': 'Главная - Time Tracker - Google Chrome', 'start_time': '2025-05-11T09:33:22.808402Z', 'end_time': '2025-05-11T09:33:23.809772Z', 'is_productive': True, 'app_name': 'chrome.exe', 'keyboard_presses': 0}
2025-05-11 12:35:29,594 - TimeTracker - ERROR - Ошибка при отправке записи: 400 - {"status":"error","code":400,"detail":{"application":["Некорректный тип. Ожидалось значение первичного ключа, получен dict."]}}
2025-05-11 12:35:29,594 - TimeTracker - INFO - Отправляем пайлоад: {'application': {'server_id': 137}, 'title': 'Статистика - Time Tracker - Google Chrome', 'start_time': '2025-05-11T09:33:23.810545Z', 'end_time': '2025-05-11T09:33:39.968283Z', 'is_productive': True, 'app_name': 'chrome.exe', 'keyboard_presses': 2}
2025-05-11 12:35:29,672 - TimeTracker - ERROR - Ошибка при отправке записи: 400 - {"status":"error","code":400,"detail":{"application":["Некорректный тип. Ожидалось значение первичного ключа, получен dict."]}}
2025-05-11 12:35:29,672 - TimeTracker - INFO - Отправляем пайлоад: {'application': {'server_id': 137}, 'title': 'Главная - Time Tracker - Google Chrome', 'start_time': '2025-05-11T09:33:22.808402Z', 'end_time': '2025-05-11T09:33:23.809772Z', 'is_productive': True, 'app_name': 'chrome.exe', 'keyboard_presses': 0}
2025-05-11 12:35:29,750 - TimeTracker - ERROR - Ошибка при отправке записи: 400 - {"status":"error","code":400,"detail":{"application":["Некорректный тип. Ожидалось значение первичного ключа, получен dict."]}}
2025-05-11 12:35:29,750 - TimeTracker - INFO - Отправляем пайлоад: {'application': {'server_id': 137}, 'title': 'Главная - Time Tracker - Google Chrome', 'start_time': '2025-05-11T09:33:22.808402Z', 'end_time': '2025-05-11T09:33:23.809772Z', 'is_productive': True, 'app_name': 'chrome.exe', 'keyboard_presses': 0}
2025-05-11 12:35:29,828 - TimeTracker - ERROR - Ошибка при отправке записи: 400 - {"status":"error","code":400,"detail":{"application":["Некорректный тип. Ожидалось значение первичного ключа, получен dict."]}}
2025-05-11 12:35:29,828 - TimeTracker - INFO - Отправляем пайлоад: {'application': {'server_id': 137}, 'title': 'Статистика - Time Tracker - Google Chrome', 'start_time': '2025-05-11T09:33:23.810545Z', 'end_time': '2025-05-11T09:33:39.968283Z', 'is_productive': True, 'app_name': 'chrome.exe', 'keyboard_presses': 2}
2025-05-11 12:35:29,906 - TimeTracker - ERROR - Ошибка при отправке записи: 400 - {"status":"error","code":400,"detail":{"application":["Некорректный тип. Ожидалось значение первичного ключа, получен dict."]}}
2025-05-11 12:35:29,907 - TimeTracker - ERROR - Ошибка при отправке данных: 400 - Успешно отправлено 0 из 20 записей
2025-05-11 12:35:30,525 - TimeTracker - INFO - Обновлен список приложений: 126 процессов
2025-05-11 12:35:38,225 - TimeTracker - INFO - Проверка соединения с URL: http://46.173.26.149:8000/api/applications/
2025-05-11 12:35:38,314 - TimeTracker - INFO - Успешное подключение к серверу. Загружено 10 приложений.
2025-05-11 12:35:38,315 - TimeTracker - INFO - Вычисленная длительность: 1.00137 секунд
2025-05-11 12:35:38,315 - TimeTracker - INFO - Для приложения chrome.exe выбран ID={'server_id': 137}
2025-05-11 12:35:38,315 - TimeTracker - INFO - Отправляем клавиатурную активность: 23 нажатий
2025-05-11 12:35:38,315 - TimeTracker - INFO - Отправка активности: start_time=2025-05-11T09:33:22.808402Z, end_time=2025-05-11T09:33:23.809772Z, длительность=1.00137 секунд
2025-05-11 12:35:38,315 - TimeTracker - INFO - Вычисленная длительность: 1.00137 секунд
2025-05-11 12:35:38,315 - TimeTracker - INFO - Для приложения chrome.exe выбран ID={'server_id': 137}
2025-05-11 12:35:38,315 - TimeTracker - INFO - Отправка активности: start_time=2025-05-11T09:33:22.808402Z, end_time=2025-05-11T09:33:23.809772Z, длительность=1.00137 секунд
2025-05-11 12:35:38,315 - TimeTracker - INFO - Вычисленная длительность: 16.157738 секунд
2025-05-11 12:35:38,315 - TimeTracker - INFO - Для приложения chrome.exe выбран ID={'server_id': 137}
2025-05-11 12:35:38,315 - TimeTracker - INFO - Отправка активности: start_time=2025-05-11T09:33:23.810545Z, end_time=2025-05-11T09:33:39.968283Z, длительность=16.157738 секунд
2025-05-11 12:35:38,315 - TimeTracker - INFO - Вычисленная длительность: 1.00137 секунд
2025-05-11 12:35:38,316 - TimeTracker - INFO - Для приложения chrome.exe выбран ID={'server_id': 137}
2025-05-11 12:35:38,316 - TimeTracker - INFO - Отправка активности: start_time=2025-05-11T09:33:22.808402Z, end_time=2025-05-11T09:33:23.809772Z, длительность=1.00137 секунд
2025-05-11 12:35:38,316 - TimeTracker - INFO - Вычисленная длительность: 1.00137 секунд
2025-05-11 12:35:38,316 - TimeTracker - INFO - Для приложения chrome.exe выбран ID={'server_id': 137}
2025-05-11 12:35:38,316 - TimeTracker - INFO - Отправка активности: start_time=2025-05-11T09:33:22.808402Z, end_time=2025-05-11T09:33:23.809772Z, длительность=1.00137 секунд
2025-05-11 12:35:38,316 - TimeTracker - INFO - Вычисленная длительность: 16.157738 секунд
2025-05-11 12:35:38,316 - TimeTracker - INFO - Для приложения chrome.exe выбран ID={'server_id': 137}
2025-05-11 12:35:38,316 - TimeTracker - INFO - Отправка активности: start_time=2025-05-11T09:33:23.810545Z, end_time=2025-05-11T09:33:39.968283Z, длительность=16.157738 секунд
2025-05-11 12:35:38,316 - TimeTracker - INFO - Вычисленная длительность: 1.00137 секунд
2025-05-11 12:35:38,316 - TimeTracker - INFO - Для приложения chrome.exe выбран ID={'server_id': 137}
2025-05-11 12:35:38,316 - TimeTracker - INFO - Отправка активности: start_time=2025-05-11T09:33:22.808402Z, end_time=2025-05-11T09:33:23.809772Z, длительность=1.00137 секунд
2025-05-11 12:35:38,316 - TimeTracker - INFO - Вычисленная длительность: 1.00137 секунд
2025-05-11 12:35:38,316 - TimeTracker - INFO - Для приложения chrome.exe выбран ID={'server_id': 137}
2025-05-11 12:35:38,316 - TimeTracker - INFO - Отправка активности: start_time=2025-05-11T09:33:22.808402Z, end_time=2025-05-11T09:33:23.809772Z, длительность=1.00137 секунд
2025-05-11 12:35:38,316 - TimeTracker - INFO - Вычисленная длительность: 16.157738 секунд
2025-05-11 12:35:38,316 - TimeTracker - INFO - Для приложения chrome.exe выбран ID={'server_id': 137}
2025-05-11 12:35:38,316 - TimeTracker - INFO - Отправка активности: start_time=2025-05-11T09:33:23.810545Z, end_time=2025-05-11T09:33:39.968283Z, длительность=16.157738 секунд
2025-05-11 12:35:38,316 - TimeTracker - INFO - Вычисленная длительность: 1.00137 секунд
2025-05-11 12:35:38,317 - TimeTracker - INFO - Для приложения chrome.exe выбран ID={'server_id': 137}
2025-05-11 12:35:38,317 - TimeTracker - INFO - Отправка активности: start_time=2025-05-11T09:33:22.808402Z, end_time=2025-05-11T09:33:23.809772Z, длительность=1.00137 секунд
2025-05-11 12:35:38,317 - TimeTracker - INFO - Вычисленная длительность: 1.00137 секунд
2025-05-11 12:35:38,317 - TimeTracker - INFO - Для приложения chrome.exe выбран ID={'server_id': 137}
2025-05-11 12:35:38,317 - TimeTracker - INFO - Отправка активности: start_time=2025-05-11T09:33:22.808402Z, end_time=2025-05-11T09:33:23.809772Z, длительность=1.00137 секунд
2025-05-11 12:35:38,317 - TimeTracker - INFO - Вычисленная длительность: 1.00137 секунд
2025-05-11 12:35:38,317 - TimeTracker - INFO - Для приложения chrome.exe выбран ID={'server_id': 137}
2025-05-11 12:35:38,317 - TimeTracker - INFO - Отправка активности: start_time=2025-05-11T09:33:22.808402Z, end_time=2025-05-11T09:33:23.809772Z, длительность=1.00137 секунд
2025-05-11 12:35:38,317 - TimeTracker - INFO - Вычисленная длительность: 1.00137 секунд
2025-05-11 12:35:38,317 - TimeTracker - INFO - Для приложения chrome.exe выбран ID={'server_id': 137}
2025-05-11 12:35:38,317 - TimeTracker - INFO - Отправка активности: start_time=2025-05-11T09:33:22.808402Z, end_time=2025-05-11T09:33:23.809772Z, длительность=1.00137 секунд
2025-05-11 12:35:38,317 - TimeTracker - INFO - Вычисленная длительность: 16.157738 секунд
2025-05-11 12:35:38,317 - TimeTracker - INFO - Для приложения chrome.exe выбран ID={'server_id': 137}
2025-05-11 12:35:38,317 - TimeTracker - INFO - Отправка активности: start_time=2025-05-11T09:33:23.810545Z, end_time=2025-05-11T09:33:39.968283Z, длительность=16.157738 секунд
2025-05-11 12:35:38,317 - TimeTracker - INFO - Вычисленная длительность: 1.00137 секунд
2025-05-11 12:35:38,317 - TimeTracker - INFO - Для приложения chrome.exe выбран ID={'server_id': 137}
2025-05-11 12:35:38,317 - TimeTracker - INFO - Отправка активности: start_time=2025-05-11T09:33:22.808402Z, end_time=2025-05-11T09:33:23.809772Z, длительность=1.00137 секунд
2025-05-11 12:35:38,317 - TimeTracker - INFO - Вычисленная длительность: 1.00137 секунд
2025-05-11 12:35:38,318 - TimeTracker - INFO - Для приложения chrome.exe выбран ID={'server_id': 137}
2025-05-11 12:35:38,318 - TimeTracker - INFO - Отправка активности: start_time=2025-05-11T09:33:22.808402Z, end_time=2025-05-11T09:33:23.809772Z, длительность=1.00137 секунд
2025-05-11 12:35:38,318 - TimeTracker - INFO - Вычисленная длительность: 16.157738 секунд
2025-05-11 12:35:38,318 - TimeTracker - INFO - Для приложения chrome.exe выбран ID={'server_id': 137}
2025-05-11 12:35:38,318 - TimeTracker - INFO - Отправка активности: start_time=2025-05-11T09:33:23.810545Z, end_time=2025-05-11T09:33:39.968283Z, длительность=16.157738 секунд
2025-05-11 12:35:38,318 - TimeTracker - INFO - Вычисленная длительность: 1.00137 секунд
2025-05-11 12:35:38,318 - TimeTracker - INFO - Для приложения chrome.exe выбран ID={'server_id': 137}
2025-05-11 12:35:38,318 - TimeTracker - INFO - Отправка активности: start_time=2025-05-11T09:33:22.808402Z, end_time=2025-05-11T09:33:23.809772Z, длительность=1.00137 секунд
2025-05-11 12:35:38,318 - TimeTracker - INFO - Вычисленная длительность: 1.00137 секунд
2025-05-11 12:35:38,318 - TimeTracker - INFO - Для приложения chrome.exe выбран ID={'server_id': 137}
2025-05-11 12:35:38,318 - TimeTracker - INFO - Отправка активности: start_time=2025-05-11T09:33:22.808402Z, end_time=2025-05-11T09:33:23.809772Z, длительность=1.00137 секунд
2025-05-11 12:35:38,318 - TimeTracker - INFO - Вычисленная длительность: 16.157738 секунд
2025-05-11 12:35:38,318 - TimeTracker - INFO - Для приложения chrome.exe выбран ID={'server_id': 137}
2025-05-11 12:35:38,318 - TimeTracker - INFO - Отправка активности: start_time=2025-05-11T09:33:23.810545Z, end_time=2025-05-11T09:33:39.968283Z, длительность=16.157738 секунд
2025-05-11 12:35:38,319 - TimeTracker - INFO - Отправка 20 записей активности на сервер.
2025-05-11 12:35:38,319 - TimeTracker - INFO - API URL: http://46.173.26.149:8000/api/activities/, Токен: eyJhbGciOi...
2025-05-11 12:35:38,319 - TimeTracker - INFO - Отправляем пайлоад: {'application': {'server_id': 137}, 'title': 'Главная - Time Tracker - Google Chrome', 'start_time': '2025-05-11T09:33:22.808402Z', 'end_time': '2025-05-11T09:33:23.809772Z', 'is_productive': True, 'app_name': 'chrome.exe', 'keyboard_presses': 23}
2025-05-11 12:35:38,392 - TimeTracker - ERROR - Ошибка при отправке записи: 400 - {"status":"error","code":400,"detail":{"application":["Некорректный тип. Ожидалось значение первичного ключа, получен dict."]}}
2025-05-11 12:35:38,392 - TimeTracker - INFO - Отправляем пайлоад: {'application': {'server_id': 137}, 'title': 'Главная - Time Tracker - Google Chrome', 'start_time': '2025-05-11T09:33:22.808402Z', 'end_time': '2025-05-11T09:33:23.809772Z', 'is_productive': True, 'app_name': 'chrome.exe', 'keyboard_presses': 0}
2025-05-11 12:35:38,469 - TimeTracker - ERROR - Ошибка при отправке записи: 400 - {"status":"error","code":400,"detail":{"application":["Некорректный тип. Ожидалось значение первичного ключа, получен dict."]}}
2025-05-11 12:35:38,469 - TimeTracker - INFO - Отправляем пайлоад: {'application': {'server_id': 137}, 'title': 'Статистика - Time Tracker - Google Chrome', 'start_time': '2025-05-11T09:33:23.810545Z', 'end_time': '2025-05-11T09:33:39.968283Z', 'is_productive': True, 'app_name': 'chrome.exe', 'keyboard_presses': 2}
2025-05-11 12:35:38,546 - TimeTracker - ERROR - Ошибка при отправке записи: 400 - {"status":"error","code":400,"detail":{"application":["Некорректный тип. Ожидалось значение первичного ключа, получен dict."]}}
2025-05-11 12:35:38,546 - TimeTracker - INFO - Отправляем пайлоад: {'application': {'server_id': 137}, 'title': 'Главная - Time Tracker - Google Chrome', 'start_time': '2025-05-11T09:33:22.808402Z', 'end_time': '2025-05-11T09:33:23.809772Z', 'is_productive': True, 'app_name': 'chrome.exe', 'keyboard_presses': 0}
2025-05-11 12:35:38,624 - TimeTracker - ERROR - Ошибка при отправке записи: 400 - {"status":"error","code":400,"detail":{"application":["Некорректный тип. Ожидалось значение первичного ключа, получен dict."]}}
2025-05-11 12:35:38,624 - TimeTracker - INFO - Отправляем пайлоад: {'application': {'server_id': 137}, 'title': 'Главная - Time Tracker - Google Chrome', 'start_time': '2025-05-11T09:33:22.808402Z', 'end_time': '2025-05-11T09:33:23.809772Z', 'is_productive': True, 'app_name': 'chrome.exe', 'keyboard_presses': 0}
2025-05-11 12:35:38,703 - TimeTracker - ERROR - Ошибка при отправке записи: 400 - {"status":"error","code":400,"detail":{"application":["Некорректный тип. Ожидалось значение первичного ключа, получен dict."]}}
2025-05-11 12:35:38,703 - TimeTracker - INFO - Отправляем пайлоад: {'application': {'server_id': 137}, 'title': 'Статистика - Time Tracker - Google Chrome', 'start_time': '2025-05-11T09:33:23.810545Z', 'end_time': '2025-05-11T09:33:39.968283Z', 'is_productive': True, 'app_name': 'chrome.exe', 'keyboard_presses': 2}
2025-05-11 12:35:38,781 - TimeTracker - ERROR - Ошибка при отправке записи: 400 - {"status":"error","code":400,"detail":{"application":["Некорректный тип. Ожидалось значение первичного ключа, получен dict."]}}
2025-05-11 12:35:38,781 - TimeTracker - INFO - Отправляем пайлоад: {'application': {'server_id': 137}, 'title': 'Главная - Time Tracker - Google Chrome', 'start_time': '2025-05-11T09:33:22.808402Z', 'end_time': '2025-05-11T09:33:23.809772Z', 'is_productive': True, 'app_name': 'chrome.exe', 'keyboard_presses': 0}
2025-05-11 12:35:38,858 - TimeTracker - ERROR - Ошибка при отправке записи: 400 - {"status":"error","code":400,"detail":{"application":["Некорректный тип. Ожидалось значение первичного ключа, получен dict."]}}
2025-05-11 12:35:38,858 - TimeTracker - INFO - Отправляем пайлоад: {'application': {'server_id': 137}, 'title': 'Главная - Time Tracker - Google Chrome', 'start_time': '2025-05-11T09:33:22.808402Z', 'end_time': '2025-05-11T09:33:23.809772Z', 'is_productive': True, 'app_name': 'chrome.exe', 'keyboard_presses': 0}
2025-05-11 12:35:38,937 - TimeTracker - ERROR - Ошибка при отправке записи: 400 - {"status":"error","code":400,"detail":{"application":["Некорректный тип. Ожидалось значение первичного ключа, получен dict."]}}
2025-05-11 12:35:38,937 - TimeTracker - INFO - Отправляем пайлоад: {'application': {'server_id': 137}, 'title': 'Статистика - Time Tracker - Google Chrome', 'start_time': '2025-05-11T09:33:23.810545Z', 'end_time': '2025-05-11T09:33:39.968283Z', 'is_productive': True, 'app_name': 'chrome.exe', 'keyboard_presses': 2}
2025-05-11 12:35:39,014 - TimeTracker - ERROR - Ошибка при отправке записи: 400 - {"status":"error","code":400,"detail":{"application":["Некорректный тип. Ожидалось значение первичного ключа, получен dict."]}}
2025-05-11 12:35:39,014 - TimeTracker - INFO - Отправляем пайлоад: {'application': {'server_id': 137}, 'title': 'Главная - Time Tracker - Google Chrome', 'start_time': '2025-05-11T09:33:22.808402Z', 'end_time': '2025-05-11T09:33:23.809772Z', 'is_productive': True, 'app_name': 'chrome.exe', 'keyboard_presses': 0}
2025-05-11 12:35:39,091 - TimeTracker - ERROR - Ошибка при отправке записи: 400 - {"status":"error","code":400,"detail":{"application":["Некорректный тип. Ожидалось значение первичного ключа, получен dict."]}}
2025-05-11 12:35:39,091 - TimeTracker - INFO - Отправляем пайлоад: {'application': {'server_id': 137}, 'title': 'Главная - Time Tracker - Google Chrome', 'start_time': '2025-05-11T09:33:22.808402Z', 'end_time': '2025-05-11T09:33:23.809772Z', 'is_productive': True, 'app_name': 'chrome.exe', 'keyboard_presses': 0}
2025-05-11 12:35:39,169 - TimeTracker - ERROR - Ошибка при отправке записи: 400 - {"status":"error","code":400,"detail":{"application":["Некорректный тип. Ожидалось значение первичного ключа, получен dict."]}}
2025-05-11 12:35:39,169 - TimeTracker - INFO - Отправляем пайлоад: {'application': {'server_id': 137}, 'title': 'Главная - Time Tracker - Google Chrome', 'start_time': '2025-05-11T09:33:22.808402Z', 'end_time': '2025-05-11T09:33:23.809772Z', 'is_productive': True, 'app_name': 'chrome.exe', 'keyboard_presses': 0}
2025-05-11 12:35:39,246 - TimeTracker - ERROR - Ошибка при отправке записи: 400 - {"status":"error","code":400,"detail":{"application":["Некорректный тип. Ожидалось значение первичного ключа, получен dict."]}}
2025-05-11 12:35:39,246 - TimeTracker - INFO - Отправляем пайлоад: {'application': {'server_id': 137}, 'title': 'Главная - Time Tracker - Google Chrome', 'start_time': '2025-05-11T09:33:22.808402Z', 'end_time': '2025-05-11T09:33:23.809772Z', 'is_productive': True, 'app_name': 'chrome.exe', 'keyboard_presses': 0}
2025-05-11 12:35:39,324 - TimeTracker - ERROR - Ошибка при отправке записи: 400 - {"status":"error","code":400,"detail":{"application":["Некорректный тип. Ожидалось значение первичного ключа, получен dict."]}}
2025-05-11 12:35:39,325 - TimeTracker - INFO - Отправляем пайлоад: {'application': {'server_id': 137}, 'title': 'Статистика - Time Tracker - Google Chrome', 'start_time': '2025-05-11T09:33:23.810545Z', 'end_time': '2025-05-11T09:33:39.968283Z', 'is_productive': True, 'app_name': 'chrome.exe', 'keyboard_presses': 2}
2025-05-11 12:35:39,403 - TimeTracker - ERROR - Ошибка при отправке записи: 400 - {"status":"error","code":400,"detail":{"application":["Некорректный тип. Ожидалось значение первичного ключа, получен dict."]}}
2025-05-11 12:35:39,403 - TimeTracker - INFO - Отправляем пайлоад: {'application': {'server_id': 137}, 'title': 'Главная - Time Tracker - Google Chrome', 'start_time': '2025-05-11T09:33:22.808402Z', 'end_time': '2025-05-11T09:33:23.809772Z', 'is_productive': True, 'app_name': 'chrome.exe', 'keyboard_presses': 0}
2025-05-11 12:35:39,481 - TimeTracker - ERROR - Ошибка при отправке записи: 400 - {"status":"error","code":400,"detail":{"application":["Некорректный тип. Ожидалось значение первичного ключа, получен dict."]}}
2025-05-11 12:35:39,481 - TimeTracker - INFO - Отправляем пайлоад: {'application': {'server_id': 137}, 'title': 'Главная - Time Tracker - Google Chrome', 'start_time': '2025-05-11T09:33:22.808402Z', 'end_time': '2025-05-11T09:33:23.809772Z', 'is_productive': True, 'app_name': 'chrome.exe', 'keyboard_presses': 0}
2025-05-11 12:35:39,558 - TimeTracker - ERROR - Ошибка при отправке записи: 400 - {"status":"error","code":400,"detail":{"application":["Некорректный тип. Ожидалось значение первичного ключа, получен dict."]}}
2025-05-11 12:35:39,559 - TimeTracker - INFO - Отправляем пайлоад: {'application': {'server_id': 137}, 'title': 'Статистика - Time Tracker - Google Chrome', 'start_time': '2025-05-11T09:33:23.810545Z', 'end_time': '2025-05-11T09:33:39.968283Z', 'is_productive': True, 'app_name': 'chrome.exe', 'keyboard_presses': 2}
2025-05-11 12:35:39,636 - TimeTracker - ERROR - Ошибка при отправке записи: 400 - {"status":"error","code":400,"detail":{"application":["Некорректный тип. Ожидалось значение первичного ключа, получен dict."]}}
2025-05-11 12:35:39,636 - TimeTracker - INFO - Отправляем пайлоад: {'application': {'server_id': 137}, 'title': 'Главная - Time Tracker - Google Chrome', 'start_time': '2025-05-11T09:33:22.808402Z', 'end_time': '2025-05-11T09:33:23.809772Z', 'is_productive': True, 'app_name': 'chrome.exe', 'keyboard_presses': 0}
2025-05-11 12:35:39,714 - TimeTracker - ERROR - Ошибка при отправке записи: 400 - {"status":"error","code":400,"detail":{"application":["Некорректный тип. Ожидалось значение первичного ключа, получен dict."]}}
2025-05-11 12:35:39,714 - TimeTracker - INFO - Отправляем пайлоад: {'application': {'server_id': 137}, 'title': 'Главная - Time Tracker - Google Chrome', 'start_time': '2025-05-11T09:33:22.808402Z', 'end_time': '2025-05-11T09:33:23.809772Z', 'is_productive': True, 'app_name': 'chrome.exe', 'keyboard_presses': 0}
2025-05-11 12:35:39,793 - TimeTracker - ERROR - Ошибка при отправке записи: 400 - {"status":"error","code":400,"detail":{"application":["Некорректный тип. Ожидалось значение первичного ключа, получен dict."]}}
2025-05-11 12:35:39,793 - TimeTracker - INFO - Отправляем пайлоад: {'application': {'server_id': 137}, 'title': 'Статистика - Time Tracker - Google Chrome', 'start_time': '2025-05-11T09:33:23.810545Z', 'end_time': '2025-05-11T09:33:39.968283Z', 'is_productive': True, 'app_name': 'chrome.exe', 'keyboard_presses': 2}
2025-05-11 12:35:39,871 - TimeTracker - ERROR - Ошибка при отправке записи: 400 - {"status":"error","code":400,"detail":{"application":["Некорректный тип. Ожидалось значение первичного ключа, получен dict."]}}
2025-05-11 12:35:39,872 - TimeTracker - ERROR - Ошибка при отправке данных: 400 - Успешно отправлено 0 из 20 записей
2025-05-11 12:35:40,500 - TimeTracker - INFO - Обновлен список приложений: 126 процессов
2025-05-11 12:35:48,217 - TimeTracker - INFO - Вычисленная длительность: 1.00137 секунд
2025-05-11 12:35:48,218 - TimeTracker - INFO - Для приложения chrome.exe выбран ID={'server_id': 137}
2025-05-11 12:35:48,218 - TimeTracker - INFO - Отправка активности: start_time=2025-05-11T09:33:22.808402Z, end_time=2025-05-11T09:33:23.809772Z, длительность=1.00137 секунд
2025-05-11 12:35:48,218 - TimeTracker - INFO - Вычисленная длительность: 1.00137 секунд
2025-05-11 12:35:48,218 - TimeTracker - INFO - Для приложения chrome.exe выбран ID={'server_id': 137}
2025-05-11 12:35:48,218 - TimeTracker - INFO - Отправка активности: start_time=2025-05-11T09:33:22.808402Z, end_time=2025-05-11T09:33:23.809772Z, длительность=1.00137 секунд
2025-05-11 12:35:48,218 - TimeTracker - INFO - Вычисленная длительность: 16.157738 секунд
2025-05-11 12:35:48,218 - TimeTracker - INFO - Для приложения chrome.exe выбран ID={'server_id': 137}
2025-05-11 12:35:48,218 - TimeTracker - INFO - Отправка активности: start_time=2025-05-11T09:33:23.810545Z, end_time=2025-05-11T09:33:39.968283Z, длительность=16.157738 секунд
2025-05-11 12:35:48,218 - TimeTracker - INFO - Вычисленная длительность: 1.00137 секунд
2025-05-11 12:35:48,218 - TimeTracker - INFO - Для приложения chrome.exe выбран ID={'server_id': 137}
2025-05-11 12:35:48,218 - TimeTracker - INFO - Отправка активности: start_time=2025-05-11T09:33:22.808402Z, end_time=2025-05-11T09:33:23.809772Z, длительность=1.00137 секунд
2025-05-11 12:35:48,218 - TimeTracker - INFO - Вычисленная длительность: 1.00137 секунд
2025-05-11 12:35:48,218 - TimeTracker - INFO - Для приложения chrome.exe выбран ID={'server_id': 137}
2025-05-11 12:35:48,218 - TimeTracker - INFO - Отправка активности: start_time=2025-05-11T09:33:22.808402Z, end_time=2025-05-11T09:33:23.809772Z, длительность=1.00137 секунд
2025-05-11 12:35:48,218 - TimeTracker - INFO - Вычисленная длительность: 16.157738 секунд
2025-05-11 12:35:48,218 - TimeTracker - INFO - Для приложения chrome.exe выбран ID={'server_id': 137}
2025-05-11 12:35:48,218 - TimeTracker - INFO - Отправка активности: start_time=2025-05-11T09:33:23.810545Z, end_time=2025-05-11T09:33:39.968283Z, длительность=16.157738 секунд
2025-05-11 12:35:48,219 - TimeTracker - INFO - Вычисленная длительность: 1.00137 секунд
2025-05-11 12:35:48,219 - TimeTracker - INFO - Для приложения chrome.exe выбран ID={'server_id': 137}
2025-05-11 12:35:48,219 - TimeTracker - INFO - Отправка активности: start_time=2025-05-11T09:33:22.808402Z, end_time=2025-05-11T09:33:23.809772Z, длительность=1.00137 секунд
2025-05-11 12:35:48,219 - TimeTracker - INFO - Вычисленная длительность: 1.00137 секунд
2025-05-11 12:35:48,219 - TimeTracker - INFO - Для приложения chrome.exe выбран ID={'server_id': 137}
2025-05-11 12:35:48,219 - TimeTracker - INFO - Отправка активности: start_time=2025-05-11T09:33:22.808402Z, end_time=2025-05-11T09:33:23.809772Z, длительность=1.00137 секунд
2025-05-11 12:35:48,219 - TimeTracker - INFO - Вычисленная длительность: 16.157738 секунд
2025-05-11 12:35:48,219 - TimeTracker - INFO - Для приложения chrome.exe выбран ID={'server_id': 137}
2025-05-11 12:35:48,219 - TimeTracker - INFO - Отправка активности: start_time=2025-05-11T09:33:23.810545Z, end_time=2025-05-11T09:33:39.968283Z, длительность=16.157738 секунд
2025-05-11 12:35:48,219 - TimeTracker - INFO - Вычисленная длительность: 1.00137 секунд
2025-05-11 12:35:48,219 - TimeTracker - INFO - Для приложения chrome.exe выбран ID={'server_id': 137}
2025-05-11 12:35:48,219 - TimeTracker - INFO - Отправка активности: start_time=2025-05-11T09:33:22.808402Z, end_time=2025-05-11T09:33:23.809772Z, длительность=1.00137 секунд
2025-05-11 12:35:48,219 - TimeTracker - INFO - Вычисленная длительность: 1.00137 секунд
2025-05-11 12:35:48,219 - TimeTracker - INFO - Для приложения chrome.exe выбран ID={'server_id': 137}
2025-05-11 12:35:48,219 - TimeTracker - INFO - Отправка активности: start_time=2025-05-11T09:33:22.808402Z, end_time=2025-05-11T09:33:23.809772Z, длительность=1.00137 секунд
2025-05-11 12:35:48,219 - TimeTracker - INFO - Вычисленная длительность: 1.00137 секунд
2025-05-11 12:35:48,219 - TimeTracker - INFO - Для приложения chrome.exe выбран ID={'server_id': 137}
2025-05-11 12:35:48,219 - TimeTracker - INFO - Отправка активности: start_time=2025-05-11T09:33:22.808402Z, end_time=2025-05-11T09:33:23.809772Z, длительность=1.00137 секунд
2025-05-11 12:35:48,219 - TimeTracker - INFO - Вычисленная длительность: 1.00137 секунд
2025-05-11 12:35:48,220 - TimeTracker - INFO - Для приложения chrome.exe выбран ID={'server_id': 137}
2025-05-11 12:35:48,220 - TimeTracker - INFO - Отправка активности: start_time=2025-05-11T09:33:22.808402Z, end_time=2025-05-11T09:33:23.809772Z, длительность=1.00137 секунд
2025-05-11 12:35:48,220 - TimeTracker - INFO - Вычисленная длительность: 16.157738 секунд
2025-05-11 12:35:48,220 - TimeTracker - INFO - Для приложения chrome.exe выбран ID={'server_id': 137}
2025-05-11 12:35:48,220 - TimeTracker - INFO - Отправка активности: start_time=2025-05-11T09:33:23.810545Z, end_time=2025-05-11T09:33:39.968283Z, длительность=16.157738 секунд
2025-05-11 12:35:48,220 - TimeTracker - INFO - Вычисленная длительность: 1.00137 секунд
2025-05-11 12:35:48,220 - TimeTracker - INFO - Для приложения chrome.exe выбран ID={'server_id': 137}
2025-05-11 12:35:48,220 - TimeTracker - INFO - Отправка активности: start_time=2025-05-11T09:33:22.808402Z, end_time=2025-05-11T09:33:23.809772Z, длительность=1.00137 секунд
2025-05-11 12:35:48,220 - TimeTracker - INFO - Вычисленная длительность: 1.00137 секунд
2025-05-11 12:35:48,220 - TimeTracker - INFO - Для приложения chrome.exe выбран ID={'server_id': 137}
2025-05-11 12:35:48,220 - TimeTracker - INFO - Отправка активности: start_time=2025-05-11T09:33:22.808402Z, end_time=2025-05-11T09:33:23.809772Z, длительность=1.00137 секунд
2025-05-11 12:35:48,220 - TimeTracker - INFO - Вычисленная длительность: 16.157738 секунд
2025-05-11 12:35:48,220 - TimeTracker - INFO - Для приложения chrome.exe выбран ID={'server_id': 137}
2025-05-11 12:35:48,220 - TimeTracker - INFO - Отправка активности: start_time=2025-05-11T09:33:23.810545Z, end_time=2025-05-11T09:33:39.968283Z, длительность=16.157738 секунд
2025-05-11 12:35:48,220 - TimeTracker - INFO - Вычисленная длительность: 1.00137 секунд
2025-05-11 12:35:48,220 - TimeTracker - INFO - Для приложения chrome.exe выбран ID={'server_id': 137}
2025-05-11 12:35:48,220 - TimeTracker - INFO - Отправка активности: start_time=2025-05-11T09:33:22.808402Z, end_time=2025-05-11T09:33:23.809772Z, длительность=1.00137 секунд
2025-05-11 12:35:48,221 - TimeTracker - INFO - Вычисленная длительность: 1.00137 секунд
2025-05-11 12:35:48,221 - TimeTracker - INFO - Для приложения chrome.exe выбран ID={'server_id': 137}
2025-05-11 12:35:48,221 - TimeTracker - INFO - Отправка активности: start_time=2025-05-11T09:33:22.808402Z, end_time=2025-05-11T09:33:23.809772Z, длительность=1.00137 секунд
2025-05-11 12:35:48,221 - TimeTracker - INFO - Вычисленная длительность: 16.157738 секунд
2025-05-11 12:35:48,221 - TimeTracker - INFO - Для приложения chrome.exe выбран ID={'server_id': 137}
2025-05-11 12:35:48,221 - TimeTracker - INFO - Отправка активности: start_time=2025-05-11T09:33:23.810545Z, end_time=2025-05-11T09:33:39.968283Z, длительность=16.157738 секунд
2025-05-11 12:35:48,221 - TimeTracker - INFO - Отправка 20 записей активности на сервер.
2025-05-11 12:35:48,221 - TimeTracker - INFO - API URL: http://46.173.26.149:8000/api/activities/, Токен: eyJhbGciOi...
2025-05-11 12:35:48,221 - TimeTracker - INFO - Отправляем пайлоад: {'application': {'server_id': 137}, 'title': 'Главная - Time Tracker - Google Chrome', 'start_time': '2025-05-11T09:33:22.808402Z', 'end_time': '2025-05-11T09:33:23.809772Z', 'is_productive': True, 'app_name': 'chrome.exe', 'keyboard_presses': 0}
2025-05-11 12:35:48,307 - TimeTracker - ERROR - Ошибка при отправке записи: 400 - {"status":"error","code":400,"detail":{"application":["Некорректный тип. Ожидалось значение первичного ключа, получен dict."]}}
2025-05-11 12:35:48,307 - TimeTracker - INFO - Отправляем пайлоад: {'application': {'server_id': 137}, 'title': 'Главная - Time Tracker - Google Chrome', 'start_time': '2025-05-11T09:33:22.808402Z', 'end_time': '2025-05-11T09:33:23.809772Z', 'is_productive': True, 'app_name': 'chrome.exe', 'keyboard_presses': 0}
2025-05-11 12:35:48,384 - TimeTracker - ERROR - Ошибка при отправке записи: 400 - {"status":"error","code":400,"detail":{"application":["Некорректный тип. Ожидалось значение первичного ключа, получен dict."]}}
2025-05-11 12:35:48,385 - TimeTracker - INFO - Отправляем пайлоад: {'application': {'server_id': 137}, 'title': 'Статистика - Time Tracker - Google Chrome', 'start_time': '2025-05-11T09:33:23.810545Z', 'end_time': '2025-05-11T09:33:39.968283Z', 'is_productive': True, 'app_name': 'chrome.exe', 'keyboard_presses': 2}
2025-05-11 12:35:48,460 - TimeTracker - ERROR - Ошибка при отправке записи: 400 - {"status":"error","code":400,"detail":{"application":["Некорректный тип. Ожидалось значение первичного ключа, получен dict."]}}
2025-05-11 12:35:48,461 - TimeTracker - INFO - Отправляем пайлоад: {'application': {'server_id': 137}, 'title': 'Главная - Time Tracker - Google Chrome', 'start_time': '2025-05-11T09:33:22.808402Z', 'end_time': '2025-05-11T09:33:23.809772Z', 'is_productive': True, 'app_name': 'chrome.exe', 'keyboard_presses': 0}
2025-05-11 12:35:48,538 - TimeTracker - ERROR - Ошибка при отправке записи: 400 - {"status":"error","code":400,"detail":{"application":["Некорректный тип. Ожидалось значение первичного ключа, получен dict."]}}
2025-05-11 12:35:48,538 - TimeTracker - INFO - Отправляем пайлоад: {'application': {'server_id': 137}, 'title': 'Главная - Time Tracker - Google Chrome', 'start_time': '2025-05-11T09:33:22.808402Z', 'end_time': '2025-05-11T09:33:23.809772Z', 'is_productive': True, 'app_name': 'chrome.exe', 'keyboard_presses': 0}
2025-05-11 12:35:48,618 - TimeTracker - ERROR - Ошибка при отправке записи: 400 - {"status":"error","code":400,"detail":{"application":["Некорректный тип. Ожидалось значение первичного ключа, получен dict."]}}
2025-05-11 12:35:48,618 - TimeTracker - INFO - Отправляем пайлоад: {'application': {'server_id': 137}, 'title': 'Статистика - Time Tracker - Google Chrome', 'start_time': '2025-05-11T09:33:23.810545Z', 'end_time': '2025-05-11T09:33:39.968283Z', 'is_productive': True, 'app_name': 'chrome.exe', 'keyboard_presses': 2}
2025-05-11 12:35:48,696 - TimeTracker - ERROR - Ошибка при отправке записи: 400 - {"status":"error","code":400,"detail":{"application":["Некорректный тип. Ожидалось значение первичного ключа, получен dict."]}}
2025-05-11 12:35:48,696 - TimeTracker - INFO - Отправляем пайлоад: {'application': {'server_id': 137}, 'title': 'Главная - Time Tracker - Google Chrome', 'start_time': '2025-05-11T09:33:22.808402Z', 'end_time': '2025-05-11T09:33:23.809772Z', 'is_productive': True, 'app_name': 'chrome.exe', 'keyboard_presses': 0}
2025-05-11 12:35:48,774 - TimeTracker - ERROR - Ошибка при отправке записи: 400 - {"status":"error","code":400,"detail":{"application":["Некорректный тип. Ожидалось значение первичного ключа, получен dict."]}}
2025-05-11 12:35:48,774 - TimeTracker - INFO - Отправляем пайлоад: {'application': {'server_id': 137}, 'title': 'Главная - Time Tracker - Google Chrome', 'start_time': '2025-05-11T09:33:22.808402Z', 'end_time': '2025-05-11T09:33:23.809772Z', 'is_productive': True, 'app_name': 'chrome.exe', 'keyboard_presses': 0}
2025-05-11 12:35:48,852 - TimeTracker - ERROR - Ошибка при отправке записи: 400 - {"status":"error","code":400,"detail":{"application":["Некорректный тип. Ожидалось значение первичного ключа, получен dict."]}}
2025-05-11 12:35:48,852 - TimeTracker - INFO - Отправляем пайлоад: {'application': {'server_id': 137}, 'title': 'Статистика - Time Tracker - Google Chrome', 'start_time': '2025-05-11T09:33:23.810545Z', 'end_time': '2025-05-11T09:33:39.968283Z', 'is_productive': True, 'app_name': 'chrome.exe', 'keyboard_presses': 2}
2025-05-11 12:35:48,930 - TimeTracker - ERROR - Ошибка при отправке записи: 400 - {"status":"error","code":400,"detail":{"application":["Некорректный тип. Ожидалось значение первичного ключа, получен dict."]}}
2025-05-11 12:35:48,930 - TimeTracker - INFO - Отправляем пайлоад: {'application': {'server_id': 137}, 'title': 'Главная - Time Tracker - Google Chrome', 'start_time': '2025-05-11T09:33:22.808402Z', 'end_time': '2025-05-11T09:33:23.809772Z', 'is_productive': True, 'app_name': 'chrome.exe', 'keyboard_presses': 0}
2025-05-11 12:35:49,007 - TimeTracker - ERROR - Ошибка при отправке записи: 400 - {"status":"error","code":400,"detail":{"application":["Некорректный тип. Ожидалось значение первичного ключа, получен dict."]}}
2025-05-11 12:35:49,007 - TimeTracker - INFO - Отправляем пайлоад: {'application': {'server_id': 137}, 'title': 'Главная - Time Tracker - Google Chrome', 'start_time': '2025-05-11T09:33:22.808402Z', 'end_time': '2025-05-11T09:33:23.809772Z', 'is_productive': True, 'app_name': 'chrome.exe', 'keyboard_presses': 0}
2025-05-11 12:35:49,084 - TimeTracker - ERROR - Ошибка при отправке записи: 400 - {"status":"error","code":400,"detail":{"application":["Некорректный тип. Ожидалось значение первичного ключа, получен dict."]}}
2025-05-11 12:35:49,084 - TimeTracker - INFO - Отправляем пайлоад: {'application': {'server_id': 137}, 'title': 'Главная - Time Tracker - Google Chrome', 'start_time': '2025-05-11T09:33:22.808402Z', 'end_time': '2025-05-11T09:33:23.809772Z', 'is_productive': True, 'app_name': 'chrome.exe', 'keyboard_presses': 0}
2025-05-11 12:35:49,162 - TimeTracker - ERROR - Ошибка при отправке записи: 400 - {"status":"error","code":400,"detail":{"application":["Некорректный тип. Ожидалось значение первичного ключа, получен dict."]}}
2025-05-11 12:35:49,162 - TimeTracker - INFO - Отправляем пайлоад: {'application': {'server_id': 137}, 'title': 'Главная - Time Tracker - Google Chrome', 'start_time': '2025-05-11T09:33:22.808402Z', 'end_time': '2025-05-11T09:33:23.809772Z', 'is_productive': True, 'app_name': 'chrome.exe', 'keyboard_presses': 0}
2025-05-11 12:35:49,240 - TimeTracker - ERROR - Ошибка при отправке записи: 400 - {"status":"error","code":400,"detail":{"application":["Некорректный тип. Ожидалось значение первичного ключа, получен dict."]}}
2025-05-11 12:35:49,241 - TimeTracker - INFO - Отправляем пайлоад: {'application': {'server_id': 137}, 'title': 'Статистика - Time Tracker - Google Chrome', 'start_time': '2025-05-11T09:33:23.810545Z', 'end_time': '2025-05-11T09:33:39.968283Z', 'is_productive': True, 'app_name': 'chrome.exe', 'keyboard_presses': 2}
2025-05-11 12:35:49,319 - TimeTracker - ERROR - Ошибка при отправке записи: 400 - {"status":"error","code":400,"detail":{"application":["Некорректный тип. Ожидалось значение первичного ключа, получен dict."]}}
2025-05-11 12:35:49,319 - TimeTracker - INFO - Отправляем пайлоад: {'application': {'server_id': 137}, 'title': 'Главная - Time Tracker - Google Chrome', 'start_time': '2025-05-11T09:33:22.808402Z', 'end_time': '2025-05-11T09:33:23.809772Z', 'is_productive': True, 'app_name': 'chrome.exe', 'keyboard_presses': 0}
2025-05-11 12:35:49,396 - TimeTracker - ERROR - Ошибка при отправке записи: 400 - {"status":"error","code":400,"detail":{"application":["Некорректный тип. Ожидалось значение первичного ключа, получен dict."]}}
2025-05-11 12:35:49,397 - TimeTracker - INFO - Отправляем пайлоад: {'application': {'server_id': 137}, 'title': 'Главная - Time Tracker - Google Chrome', 'start_time': '2025-05-11T09:33:22.808402Z', 'end_time': '2025-05-11T09:33:23.809772Z', 'is_productive': True, 'app_name': 'chrome.exe', 'keyboard_presses': 0}
2025-05-11 12:35:49,475 - TimeTracker - ERROR - Ошибка при отправке записи: 400 - {"status":"error","code":400,"detail":{"application":["Некорректный тип. Ожидалось значение первичного ключа, получен dict."]}}
2025-05-11 12:35:49,475 - TimeTracker - INFO - Отправляем пайлоад: {'application': {'server_id': 137}, 'title': 'Статистика - Time Tracker - Google Chrome', 'start_time': '2025-05-11T09:33:23.810545Z', 'end_time': '2025-05-11T09:33:39.968283Z', 'is_productive': True, 'app_name': 'chrome.exe', 'keyboard_presses': 2}
2025-05-11 12:35:49,552 - TimeTracker - ERROR - Ошибка при отправке записи: 400 - {"status":"error","code":400,"detail":{"application":["Некорректный тип. Ожидалось значение первичного ключа, получен dict."]}}
2025-05-11 12:35:49,552 - TimeTracker - INFO - Отправляем пайлоад: {'application': {'server_id': 137}, 'title': 'Главная - Time Tracker - Google Chrome', 'start_time': '2025-05-11T09:33:22.808402Z', 'end_time': '2025-05-11T09:33:23.809772Z', 'is_productive': True, 'app_name': 'chrome.exe', 'keyboard_presses': 0}
2025-05-11 12:35:49,630 - TimeTracker - ERROR - Ошибка при отправке записи: 400 - {"status":"error","code":400,"detail":{"application":["Некорректный тип. Ожидалось значение первичного ключа, получен dict."]}}
2025-05-11 12:35:49,631 - TimeTracker - INFO - Отправляем пайлоад: {'application': {'server_id': 137}, 'title': 'Главная - Time Tracker - Google Chrome', 'start_time': '2025-05-11T09:33:22.808402Z', 'end_time': '2025-05-11T09:33:23.809772Z', 'is_productive': True, 'app_name': 'chrome.exe', 'keyboard_presses': 0}
2025-05-11 12:35:49,709 - TimeTracker - ERROR - Ошибка при отправке записи: 400 - {"status":"error","code":400,"detail":{"application":["Некорректный тип. Ожидалось значение первичного ключа, получен dict."]}}
2025-05-11 12:35:49,709 - TimeTracker - INFO - Отправляем пайлоад: {'application': {'server_id': 137}, 'title': 'Статистика - Time Tracker - Google Chrome', 'start_time': '2025-05-11T09:33:23.810545Z', 'end_time': '2025-05-11T09:33:39.968283Z', 'is_productive': True, 'app_name': 'chrome.exe', 'keyboard_presses': 2}
2025-05-11 12:35:49,787 - TimeTracker - ERROR - Ошибка при отправке записи: 400 - {"status":"error","code":400,"detail":{"application":["Некорректный тип. Ожидалось значение первичного ключа, получен dict."]}}
2025-05-11 12:35:49,787 - TimeTracker - ERROR - Ошибка при отправке данных: 400 - Успешно отправлено 0 из 20 записей
2025-05-11 12:35:49,880 - TimeTracker - INFO - Получено 10 приложений с сервера для синхронизации
2025-05-11 12:35:50,512 - TimeTracker - INFO - Обновлен список приложений: 126 процессов
2025-05-11 12:35:58,224 - TimeTracker - INFO - Вычисленная длительность: 1.00137 секунд
2025-05-11 12:35:58,224 - TimeTracker - INFO - Для приложения chrome.exe выбран ID={'server_id': 137}
2025-05-11 12:35:58,224 - TimeTracker - INFO - Отправка активности: start_time=2025-05-11T09:33:22.808402Z, end_time=2025-05-11T09:33:23.809772Z, длительность=1.00137 секунд
2025-05-11 12:35:58,224 - TimeTracker - INFO - Вычисленная длительность: 1.00137 секунд
2025-05-11 12:35:58,224 - TimeTracker - INFO - Для приложения chrome.exe выбран ID={'server_id': 137}
2025-05-11 12:35:58,224 - TimeTracker - INFO - Отправка активности: start_time=2025-05-11T09:33:22.808402Z, end_time=2025-05-11T09:33:23.809772Z, длительность=1.00137 секунд
2025-05-11 12:35:58,224 - TimeTracker - INFO - Вычисленная длительность: 16.157738 секунд
2025-05-11 12:35:58,224 - TimeTracker - INFO - Для приложения chrome.exe выбран ID={'server_id': 137}
2025-05-11 12:35:58,224 - TimeTracker - INFO - Отправка активности: start_time=2025-05-11T09:33:23.810545Z, end_time=2025-05-11T09:33:39.968283Z, длительность=16.157738 секунд
2025-05-11 12:35:58,224 - TimeTracker - INFO - Вычисленная длительность: 1.00137 секунд
2025-05-11 12:35:58,225 - TimeTracker - INFO - Для приложения chrome.exe выбран ID={'server_id': 137}
2025-05-11 12:35:58,225 - TimeTracker - INFO - Отправка активности: start_time=2025-05-11T09:33:22.808402Z, end_time=2025-05-11T09:33:23.809772Z, длительность=1.00137 секунд
2025-05-11 12:35:58,225 - TimeTracker - INFO - Вычисленная длительность: 1.00137 секунд
2025-05-11 12:35:58,225 - TimeTracker - INFO - Для приложения chrome.exe выбран ID={'server_id': 137}
2025-05-11 12:35:58,225 - TimeTracker - INFO - Отправка активности: start_time=2025-05-11T09:33:22.808402Z, end_time=2025-05-11T09:33:23.809772Z, длительность=1.00137 секунд
2025-05-11 12:35:58,225 - TimeTracker - INFO - Вычисленная длительность: 16.157738 секунд
2025-05-11 12:35:58,225 - TimeTracker - INFO - Для приложения chrome.exe выбран ID={'server_id': 137}
2025-05-11 12:35:58,225 - TimeTracker - INFO - Отправка активности: start_time=2025-05-11T09:33:23.810545Z, end_time=2025-05-11T09:33:39.968283Z, длительность=16.157738 секунд
2025-05-11 12:35:58,225 - TimeTracker - INFO - Вычисленная длительность: 1.00137 секунд
2025-05-11 12:35:58,225 - TimeTracker - INFO - Для приложения chrome.exe выбран ID={'server_id': 137}
2025-05-11 12:35:58,225 - TimeTracker - INFO - Отправка активности: start_time=2025-05-11T09:33:22.808402Z, end_time=2025-05-11T09:33:23.809772Z, длительность=1.00137 секунд
2025-05-11 12:35:58,225 - TimeTracker - INFO - Вычисленная длительность: 1.00137 секунд
2025-05-11 12:35:58,225 - TimeTracker - INFO - Для приложения chrome.exe выбран ID={'server_id': 137}
2025-05-11 12:35:58,225 - TimeTracker - INFO - Отправка активности: start_time=2025-05-11T09:33:22.808402Z, end_time=2025-05-11T09:33:23.809772Z, длительность=1.00137 секунд
2025-05-11 12:35:58,225 - TimeTracker - INFO - Вычисленная длительность: 16.157738 секунд
2025-05-11 12:35:58,225 - TimeTracker - INFO - Для приложения chrome.exe выбран ID={'server_id': 137}
2025-05-11 12:35:58,226 - TimeTracker - INFO - Отправка активности: start_time=2025-05-11T09:33:23.810545Z, end_time=2025-05-11T09:33:39.968283Z, длительность=16.157738 секунд
2025-05-11 12:35:58,226 - TimeTracker - INFO - Вычисленная длительность: 1.00137 секунд
2025-05-11 12:35:58,226 - TimeTracker - INFO - Для приложения chrome.exe выбран ID={'server_id': 137}
2025-05-11 12:35:58,226 - TimeTracker - INFO - Отправка активности: start_time=2025-05-11T09:33:22.808402Z, end_time=2025-05-11T09:33:23.809772Z, длительность=1.00137 секунд
2025-05-11 12:35:58,226 - TimeTracker - INFO - Вычисленная длительность: 1.00137 секунд
2025-05-11 12:35:58,226 - TimeTracker - INFO - Для приложения chrome.exe выбран ID={'server_id': 137}
2025-05-11 12:35:58,226 - TimeTracker - INFO - Отправка активности: start_time=2025-05-11T09:33:22.808402Z, end_time=2025-05-11T09:33:23.809772Z, длительность=1.00137 секунд
2025-05-11 12:35:58,226 - TimeTracker - INFO - Вычисленная длительность: 36.043059 секунд
2025-05-11 12:35:58,226 - TimeTracker - INFO - Для приложения cursor.exe выбран ID={'server_id': 133}
2025-05-11 12:35:58,226 - TimeTracker - INFO - Отправка активности: start_time=2025-05-11T09:34:16.461933Z, end_time=2025-05-11T09:34:52.504992Z, длительность=36.043059 секунд
2025-05-11 12:35:58,226 - TimeTracker - INFO - Вычисленная длительность: 3.002972 секунд
2025-05-11 12:35:58,226 - TimeTracker - INFO - Для приложения chrome.exe выбран ID={'server_id': 137}
2025-05-11 12:35:58,226 - TimeTracker - INFO - Отправка активности: start_time=2025-05-11T09:34:54.508539Z, end_time=2025-05-11T09:34:57.511511Z, длительность=3.002972 секунд
2025-05-11 12:35:58,226 - TimeTracker - INFO - Вычисленная длительность: 16.157738 секунд
2025-05-11 12:35:58,227 - TimeTracker - INFO - Для приложения chrome.exe выбран ID={'server_id': 137}
2025-05-11 12:35:58,227 - TimeTracker - INFO - Отправка активности: start_time=2025-05-11T09:33:23.810545Z, end_time=2025-05-11T09:33:39.968283Z, длительность=16.157738 секунд
2025-05-11 12:35:58,227 - TimeTracker - INFO - Вычисленная длительность: 1.00137 секунд
2025-05-11 12:35:58,227 - TimeTracker - INFO - Для приложения chrome.exe выбран ID={'server_id': 137}
2025-05-11 12:35:58,227 - TimeTracker - INFO - Отправка активности: start_time=2025-05-11T09:33:22.808402Z, end_time=2025-05-11T09:33:23.809772Z, длительность=1.00137 секунд
2025-05-11 12:35:58,227 - TimeTracker - INFO - Вычисленная длительность: 1.00137 секунд
2025-05-11 12:35:58,227 - TimeTracker - INFO - Для приложения chrome.exe выбран ID={'server_id': 137}
2025-05-11 12:35:58,227 - TimeTracker - INFO - Отправка активности: start_time=2025-05-11T09:33:22.808402Z, end_time=2025-05-11T09:33:23.809772Z, длительность=1.00137 секунд
2025-05-11 12:35:58,227 - TimeTracker - INFO - Вычисленная длительность: 16.157738 секунд
2025-05-11 12:35:58,227 - TimeTracker - INFO - Для приложения chrome.exe выбран ID={'server_id': 137}
2025-05-11 12:35:58,227 - TimeTracker - INFO - Отправка активности: start_time=2025-05-11T09:33:23.810545Z, end_time=2025-05-11T09:33:39.968283Z, длительность=16.157738 секунд
2025-05-11 12:35:58,227 - TimeTracker - INFO - Вычисленная длительность: 1.00137 секунд
2025-05-11 12:35:58,227 - TimeTracker - INFO - Для приложения chrome.exe выбран ID={'server_id': 137}
2025-05-11 12:35:58,227 - TimeTracker - INFO - Отправка активности: start_time=2025-05-11T09:33:22.808402Z, end_time=2025-05-11T09:33:23.809772Z, длительность=1.00137 секунд
2025-05-11 12:35:58,227 - TimeTracker - INFO - Вычисленная длительность: 1.00137 секунд
2025-05-11 12:35:58,227 - TimeTracker - INFO - Для приложения chrome.exe выбран ID={'server_id': 137}
2025-05-11 12:35:58,227 - TimeTracker - INFO - Отправка активности: start_time=2025-05-11T09:33:22.808402Z, end_time=2025-05-11T09:33:23.809772Z, длительность=1.00137 секунд
2025-05-11 12:35:58,227 - TimeTracker - INFO - Вычисленная длительность: 16.157738 секунд
2025-05-11 12:35:58,228 - TimeTracker - INFO - Для приложения chrome.exe выбран ID={'server_id': 137}
2025-05-11 12:35:58,228 - TimeTracker - INFO - Отправка активности: start_time=2025-05-11T09:33:23.810545Z, end_time=2025-05-11T09:33:39.968283Z, длительность=16.157738 секунд
2025-05-11 12:35:58,228 - TimeTracker - INFO - Отправка 20 записей активности на сервер.
2025-05-11 12:35:58,228 - TimeTracker - INFO - API URL: http://46.173.26.149:8000/api/activities/, Токен: eyJhbGciOi...
2025-05-11 12:35:58,228 - TimeTracker - INFO - Отправляем пайлоад: {'application': {'server_id': 137}, 'title': 'Главная - Time Tracker - Google Chrome', 'start_time': '2025-05-11T09:33:22.808402Z', 'end_time': '2025-05-11T09:33:23.809772Z', 'is_productive': True, 'app_name': 'chrome.exe', 'keyboard_presses': 0}
2025-05-11 12:35:58,299 - TimeTracker - ERROR - Ошибка при отправке записи: 400 - {"status":"error","code":400,"detail":{"application":["Некорректный тип. Ожидалось значение первичного ключа, получен dict."]}}
2025-05-11 12:35:58,299 - TimeTracker - INFO - Отправляем пайлоад: {'application': {'server_id': 137}, 'title': 'Главная - Time Tracker - Google Chrome', 'start_time': '2025-05-11T09:33:22.808402Z', 'end_time': '2025-05-11T09:33:23.809772Z', 'is_productive': True, 'app_name': 'chrome.exe', 'keyboard_presses': 0}
2025-05-11 12:35:58,376 - TimeTracker - ERROR - Ошибка при отправке записи: 400 - {"status":"error","code":400,"detail":{"application":["Некорректный тип. Ожидалось значение первичного ключа, получен dict."]}}
2025-05-11 12:35:58,376 - TimeTracker - INFO - Отправляем пайлоад: {'application': {'server_id': 137}, 'title': 'Статистика - Time Tracker - Google Chrome', 'start_time': '2025-05-11T09:33:23.810545Z', 'end_time': '2025-05-11T09:33:39.968283Z', 'is_productive': True, 'app_name': 'chrome.exe', 'keyboard_presses': 2}
2025-05-11 12:35:58,453 - TimeTracker - ERROR - Ошибка при отправке записи: 400 - {"status":"error","code":400,"detail":{"application":["Некорректный тип. Ожидалось значение первичного ключа, получен dict."]}}
2025-05-11 12:35:58,453 - TimeTracker - INFO - Отправляем пайлоад: {'application': {'server_id': 137}, 'title': 'Главная - Time Tracker - Google Chrome', 'start_time': '2025-05-11T09:33:22.808402Z', 'end_time': '2025-05-11T09:33:23.809772Z', 'is_productive': True, 'app_name': 'chrome.exe', 'keyboard_presses': 0}
2025-05-11 12:35:58,532 - TimeTracker - ERROR - Ошибка при отправке записи: 400 - {"status":"error","code":400,"detail":{"application":["Некорректный тип. Ожидалось значение первичного ключа, получен dict."]}}
2025-05-11 12:35:58,532 - TimeTracker - INFO - Отправляем пайлоад: {'application': {'server_id': 137}, 'title': 'Главная - Time Tracker - Google Chrome', 'start_time': '2025-05-11T09:33:22.808402Z', 'end_time': '2025-05-11T09:33:23.809772Z', 'is_productive': True, 'app_name': 'chrome.exe', 'keyboard_presses': 0}
2025-05-11 12:35:58,610 - TimeTracker - ERROR - Ошибка при отправке записи: 400 - {"status":"error","code":400,"detail":{"application":["Некорректный тип. Ожидалось значение первичного ключа, получен dict."]}}
2025-05-11 12:35:58,610 - TimeTracker - INFO - Отправляем пайлоад: {'application': {'server_id': 137}, 'title': 'Статистика - Time Tracker - Google Chrome', 'start_time': '2025-05-11T09:33:23.810545Z', 'end_time': '2025-05-11T09:33:39.968283Z', 'is_productive': True, 'app_name': 'chrome.exe', 'keyboard_presses': 2}
2025-05-11 12:35:58,688 - TimeTracker - ERROR - Ошибка при отправке записи: 400 - {"status":"error","code":400,"detail":{"application":["Некорректный тип. Ожидалось значение первичного ключа, получен dict."]}}
2025-05-11 12:35:58,688 - TimeTracker - INFO - Отправляем пайлоад: {'application': {'server_id': 137}, 'title': 'Главная - Time Tracker - Google Chrome', 'start_time': '2025-05-11T09:33:22.808402Z', 'end_time': '2025-05-11T09:33:23.809772Z', 'is_productive': True, 'app_name': 'chrome.exe', 'keyboard_presses': 0}
2025-05-11 12:35:58,766 - TimeTracker - ERROR - Ошибка при отправке записи: 400 - {"status":"error","code":400,"detail":{"application":["Некорректный тип. Ожидалось значение первичного ключа, получен dict."]}}
2025-05-11 12:35:58,766 - TimeTracker - INFO - Отправляем пайлоад: {'application': {'server_id': 137}, 'title': 'Главная - Time Tracker - Google Chrome', 'start_time': '2025-05-11T09:33:22.808402Z', 'end_time': '2025-05-11T09:33:23.809772Z', 'is_productive': True, 'app_name': 'chrome.exe', 'keyboard_presses': 0}
2025-05-11 12:35:58,844 - TimeTracker - ERROR - Ошибка при отправке записи: 400 - {"status":"error","code":400,"detail":{"application":["Некорректный тип. Ожидалось значение первичного ключа, получен dict."]}}
2025-05-11 12:35:58,844 - TimeTracker - INFO - Отправляем пайлоад: {'application': {'server_id': 137}, 'title': 'Статистика - Time Tracker - Google Chrome', 'start_time': '2025-05-11T09:33:23.810545Z', 'end_time': '2025-05-11T09:33:39.968283Z', 'is_productive': True, 'app_name': 'chrome.exe', 'keyboard_presses': 2}
2025-05-11 12:35:58,920 - TimeTracker - ERROR - Ошибка при отправке записи: 400 - {"status":"error","code":400,"detail":{"application":["Некорректный тип. Ожидалось значение первичного ключа, получен dict."]}}
2025-05-11 12:35:58,920 - TimeTracker - INFO - Отправляем пайлоад: {'application': {'server_id': 137}, 'title': 'Главная - Time Tracker - Google Chrome', 'start_time': '2025-05-11T09:33:22.808402Z', 'end_time': '2025-05-11T09:33:23.809772Z', 'is_productive': True, 'app_name': 'chrome.exe', 'keyboard_presses': 0}
2025-05-11 12:35:58,999 - TimeTracker - ERROR - Ошибка при отправке записи: 400 - {"status":"error","code":400,"detail":{"application":["Некорректный тип. Ожидалось значение первичного ключа, получен dict."]}}
2025-05-11 12:35:58,999 - TimeTracker - INFO - Отправляем пайлоад: {'application': {'server_id': 137}, 'title': 'Главная - Time Tracker - Google Chrome', 'start_time': '2025-05-11T09:33:22.808402Z', 'end_time': '2025-05-11T09:33:23.809772Z', 'is_productive': True, 'app_name': 'chrome.exe', 'keyboard_presses': 0}
2025-05-11 12:35:59,077 - TimeTracker - ERROR - Ошибка при отправке записи: 400 - {"status":"error","code":400,"detail":{"application":["Некорректный тип. Ожидалось значение первичного ключа, получен dict."]}}
2025-05-11 12:35:59,077 - TimeTracker - INFO - Отправляем пайлоад: {'application': {'server_id': 133}, 'title': 'main.py - Tracker33 - Cursor', 'start_time': '2025-05-11T09:34:16.461933Z', 'end_time': '2025-05-11T09:34:52.504992Z', 'is_productive': True, 'app_name': 'cursor.exe', 'keyboard_presses': 19}
2025-05-11 12:35:59,154 - TimeTracker - ERROR - Ошибка при отправке записи: 400 - {"status":"error","code":400,"detail":{"application":["Некорректный тип. Ожидалось значение первичного ключа, получен dict."]}}
2025-05-11 12:35:59,155 - TimeTracker - INFO - Отправляем пайлоад: {'application': {'server_id': 137}, 'title': 'Статистика - Time Tracker - Google Chrome', 'start_time': '2025-05-11T09:34:54.508539Z', 'end_time': '2025-05-11T09:34:57.511511Z', 'is_productive': True, 'app_name': 'chrome.exe', 'keyboard_presses': 2}
2025-05-11 12:35:59,233 - TimeTracker - ERROR - Ошибка при отправке записи: 400 - {"status":"error","code":400,"detail":{"application":["Некорректный тип. Ожидалось значение первичного ключа, получен dict."]}}
2025-05-11 12:35:59,233 - TimeTracker - INFO - Отправляем пайлоад: {'application': {'server_id': 137}, 'title': 'Статистика - Time Tracker - Google Chrome', 'start_time': '2025-05-11T09:33:23.810545Z', 'end_time': '2025-05-11T09:33:39.968283Z', 'is_productive': True, 'app_name': 'chrome.exe', 'keyboard_presses': 2}
2025-05-11 12:35:59,313 - TimeTracker - ERROR - Ошибка при отправке записи: 400 - {"status":"error","code":400,"detail":{"application":["Некорректный тип. Ожидалось значение первичного ключа, получен dict."]}}
2025-05-11 12:35:59,313 - TimeTracker - INFO - Отправляем пайлоад: {'application': {'server_id': 137}, 'title': 'Главная - Time Tracker - Google Chrome', 'start_time': '2025-05-11T09:33:22.808402Z', 'end_time': '2025-05-11T09:33:23.809772Z', 'is_productive': True, 'app_name': 'chrome.exe', 'keyboard_presses': 0}
2025-05-11 12:35:59,389 - TimeTracker - ERROR - Ошибка при отправке записи: 400 - {"status":"error","code":400,"detail":{"application":["Некорректный тип. Ожидалось значение первичного ключа, получен dict."]}}
2025-05-11 12:35:59,390 - TimeTracker - INFO - Отправляем пайлоад: {'application': {'server_id': 137}, 'title': 'Главная - Time Tracker - Google Chrome', 'start_time': '2025-05-11T09:33:22.808402Z', 'end_time': '2025-05-11T09:33:23.809772Z', 'is_productive': True, 'app_name': 'chrome.exe', 'keyboard_presses': 0}
2025-05-11 12:35:59,469 - TimeTracker - ERROR - Ошибка при отправке записи: 400 - {"status":"error","code":400,"detail":{"application":["Некорректный тип. Ожидалось значение первичного ключа, получен dict."]}}
2025-05-11 12:35:59,469 - TimeTracker - INFO - Отправляем пайлоад: {'application': {'server_id': 137}, 'title': 'Статистика - Time Tracker - Google Chrome', 'start_time': '2025-05-11T09:33:23.810545Z', 'end_time': '2025-05-11T09:33:39.968283Z', 'is_productive': True, 'app_name': 'chrome.exe', 'keyboard_presses': 2}
2025-05-11 12:35:59,546 - TimeTracker - ERROR - Ошибка при отправке записи: 400 - {"status":"error","code":400,"detail":{"application":["Некорректный тип. Ожидалось значение первичного ключа, получен dict."]}}
2025-05-11 12:35:59,546 - TimeTracker - INFO - Отправляем пайлоад: {'application': {'server_id': 137}, 'title': 'Главная - Time Tracker - Google Chrome', 'start_time': '2025-05-11T09:33:22.808402Z', 'end_time': '2025-05-11T09:33:23.809772Z', 'is_productive': True, 'app_name': 'chrome.exe', 'keyboard_presses': 0}
2025-05-11 12:35:59,623 - TimeTracker - ERROR - Ошибка при отправке записи: 400 - {"status":"error","code":400,"detail":{"application":["Некорректный тип. Ожидалось значение первичного ключа, получен dict."]}}
2025-05-11 12:35:59,623 - TimeTracker - INFO - Отправляем пайлоад: {'application': {'server_id': 137}, 'title': 'Главная - Time Tracker - Google Chrome', 'start_time': '2025-05-11T09:33:22.808402Z', 'end_time': '2025-05-11T09:33:23.809772Z', 'is_productive': True, 'app_name': 'chrome.exe', 'keyboard_presses': 0}
2025-05-11 12:35:59,703 - TimeTracker - ERROR - Ошибка при отправке записи: 400 - {"status":"error","code":400,"detail":{"application":["Некорректный тип. Ожидалось значение первичного ключа, получен dict."]}}
2025-05-11 12:35:59,703 - TimeTracker - INFO - Отправляем пайлоад: {'application': {'server_id': 137}, 'title': 'Статистика - Time Tracker - Google Chrome', 'start_time': '2025-05-11T09:33:23.810545Z', 'end_time': '2025-05-11T09:33:39.968283Z', 'is_productive': True, 'app_name': 'chrome.exe', 'keyboard_presses': 2}
2025-05-11 12:35:59,781 - TimeTracker - ERROR - Ошибка при отправке записи: 400 - {"status":"error","code":400,"detail":{"application":["Некорректный тип. Ожидалось значение первичного ключа, получен dict."]}}
2025-05-11 12:35:59,781 - TimeTracker - ERROR - Ошибка при отправке данных: 400 - Успешно отправлено 0 из 20 записей
2025-05-11 12:36:00,554 - TimeTracker - INFO - Обновлен список приложений: 126 процессов
2025-05-11 12:36:00,572 - TimeTracker - INFO - Добавлено 0 нажатий клавиш в активность
2025-05-11 12:36:00,572 - TimeTracker - INFO - Завершена сессия активности: App='cursor.exe', Title='main.py - Tracker33 - Cursor, Duration=62s. В очереди: 167
2025-05-11 12:36:00,578 - TimeTracker - INFO - Начата новая сессия активности: App='chrome.exe', Title='Статистика - Time Tracker - Go...'
2025-05-11 12:36:06,581 - TimeTracker - INFO - Добавлено 0 нажатий клавиш в активность
2025-05-11 12:36:06,581 - TimeTracker - INFO - Завершена сессия активности: App='chrome.exe', Title='Статистика - Time Tracker - Go..., Duration=6s. В очереди: 168
2025-05-11 12:36:06,584 - TimeTracker - INFO - Начата новая сессия активности: App='chrome.exe', Title='Tracker33 - Google Chrome'
2025-05-11 12:36:07,585 - TimeTracker - INFO - Добавлено 0 нажатий клавиш в активность
2025-05-11 12:36:07,585 - TimeTracker - INFO - Завершена сессия активности: App='chrome.exe', Title='Tracker33 - Google Chrome, Duration=1s. В очереди: 169
2025-05-11 12:36:07,587 - TimeTracker - INFO - Начата новая сессия активности: App='chrome.exe', Title='Главная - Time Tracker - Googl...'
2025-05-11 12:36:08,223 - TimeTracker - INFO - Проверка соединения с URL: http://46.173.26.149:8000/api/applications/
2025-05-11 12:36:08,331 - TimeTracker - INFO - Успешное подключение к серверу. Загружено 10 приложений.
2025-05-11 12:36:08,331 - TimeTracker - INFO - Вычисленная длительность: 1.00137 секунд
2025-05-11 12:36:08,331 - TimeTracker - INFO - Для приложения chrome.exe выбран ID={'server_id': 137}
2025-05-11 12:36:08,332 - TimeTracker - INFO - Отправка активности: start_time=2025-05-11T09:33:22.808402Z, end_time=2025-05-11T09:33:23.809772Z, длительность=1.00137 секунд
2025-05-11 12:36:08,332 - TimeTracker - INFO - Вычисленная длительность: 1.00137 секунд
2025-05-11 12:36:08,332 - TimeTracker - INFO - Для приложения chrome.exe выбран ID={'server_id': 137}
2025-05-11 12:36:08,332 - TimeTracker - INFO - Отправка активности: start_time=2025-05-11T09:33:22.808402Z, end_time=2025-05-11T09:33:23.809772Z, длительность=1.00137 секунд
2025-05-11 12:36:08,332 - TimeTracker - INFO - Вычисленная длительность: 16.157738 секунд
2025-05-11 12:36:08,332 - TimeTracker - INFO - Для приложения chrome.exe выбран ID={'server_id': 137}
2025-05-11 12:36:08,332 - TimeTracker - INFO - Отправка активности: start_time=2025-05-11T09:33:23.810545Z, end_time=2025-05-11T09:33:39.968283Z, длительность=16.157738 секунд
2025-05-11 12:36:08,332 - TimeTracker - INFO - Вычисленная длительность: 1.00137 секунд
2025-05-11 12:36:08,332 - TimeTracker - INFO - Для приложения chrome.exe выбран ID={'server_id': 137}
2025-05-11 12:36:08,332 - TimeTracker - INFO - Отправка активности: start_time=2025-05-11T09:33:22.808402Z, end_time=2025-05-11T09:33:23.809772Z, длительность=1.00137 секунд
2025-05-11 12:36:08,332 - TimeTracker - INFO - Вычисленная длительность: 1.00137 секунд
2025-05-11 12:36:08,332 - TimeTracker - INFO - Для приложения chrome.exe выбран ID={'server_id': 137}
2025-05-11 12:36:08,333 - TimeTracker - INFO - Отправка активности: start_time=2025-05-11T09:33:22.808402Z, end_time=2025-05-11T09:33:23.809772Z, длительность=1.00137 секунд
2025-05-11 12:36:08,333 - TimeTracker - INFO - Вычисленная длительность: 16.157738 секунд
2025-05-11 12:36:08,333 - TimeTracker - INFO - Для приложения chrome.exe выбран ID={'server_id': 137}
2025-05-11 12:36:08,333 - TimeTracker - INFO - Отправка активности: start_time=2025-05-11T09:33:23.810545Z, end_time=2025-05-11T09:33:39.968283Z, длительность=16.157738 секунд
2025-05-11 12:36:08,333 - TimeTracker - INFO - Вычисленная длительность: 1.00137 секунд
2025-05-11 12:36:08,333 - TimeTracker - INFO - Для приложения chrome.exe выбран ID={'server_id': 137}
2025-05-11 12:36:08,333 - TimeTracker - INFO - Отправка активности: start_time=2025-05-11T09:33:22.808402Z, end_time=2025-05-11T09:33:23.809772Z, длительность=1.00137 секунд
2025-05-11 12:36:08,333 - TimeTracker - INFO - Вычисленная длительность: 1.00137 секунд
2025-05-11 12:36:08,333 - TimeTracker - INFO - Для приложения chrome.exe выбран ID={'server_id': 137}
2025-05-11 12:36:08,333 - TimeTracker - INFO - Отправка активности: start_time=2025-05-11T09:33:22.808402Z, end_time=2025-05-11T09:33:23.809772Z, длительность=1.00137 секунд
2025-05-11 12:36:08,333 - TimeTracker - INFO - Вычисленная длительность: 16.157738 секунд
2025-05-11 12:36:08,333 - TimeTracker - INFO - Для приложения chrome.exe выбран ID={'server_id': 137}
2025-05-11 12:36:08,333 - TimeTracker - INFO - Отправка активности: start_time=2025-05-11T09:33:23.810545Z, end_time=2025-05-11T09:33:39.968283Z, длительность=16.157738 секунд
2025-05-11 12:36:08,334 - TimeTracker - INFO - Вычисленная длительность: 1.00137 секунд
2025-05-11 12:36:08,334 - TimeTracker - INFO - Для приложения chrome.exe выбран ID={'server_id': 137}
2025-05-11 12:36:08,334 - TimeTracker - INFO - Отправка активности: start_time=2025-05-11T09:33:22.808402Z, end_time=2025-05-11T09:33:23.809772Z, длительность=1.00137 секунд
2025-05-11 12:36:08,334 - TimeTracker - INFO - Вычисленная длительность: 1.00137 секунд
2025-05-11 12:36:08,334 - TimeTracker - INFO - Для приложения chrome.exe выбран ID={'server_id': 137}
2025-05-11 12:36:08,334 - TimeTracker - INFO - Отправка активности: start_time=2025-05-11T09:33:22.808402Z, end_time=2025-05-11T09:33:23.809772Z, длительность=1.00137 секунд
2025-05-11 12:36:08,334 - TimeTracker - INFO - Вычисленная длительность: 16.157738 секунд
2025-05-11 12:36:08,334 - TimeTracker - INFO - Для приложения chrome.exe выбран ID={'server_id': 137}
2025-05-11 12:36:08,334 - TimeTracker - INFO - Отправка активности: start_time=2025-05-11T09:33:23.810545Z, end_time=2025-05-11T09:33:39.968283Z, длительность=16.157738 секунд
2025-05-11 12:36:08,334 - TimeTracker - INFO - Вычисленная длительность: 1.00137 секунд
2025-05-11 12:36:08,334 - TimeTracker - INFO - Для приложения chrome.exe выбран ID={'server_id': 137}
2025-05-11 12:36:08,334 - TimeTracker - INFO - Отправка активности: start_time=2025-05-11T09:33:22.808402Z, end_time=2025-05-11T09:33:23.809772Z, длительность=1.00137 секунд
2025-05-11 12:36:08,334 - TimeTracker - INFO - Вычисленная длительность: 16.157738 секунд
2025-05-11 12:36:08,334 - TimeTracker - INFO - Для приложения chrome.exe выбран ID={'server_id': 137}
2025-05-11 12:36:08,334 - TimeTracker - INFO - Отправка активности: start_time=2025-05-11T09:33:23.810545Z, end_time=2025-05-11T09:33:39.968283Z, длительность=16.157738 секунд
2025-05-11 12:36:08,334 - TimeTracker - INFO - Вычисленная длительность: 1.00137 секунд
2025-05-11 12:36:08,335 - TimeTracker - INFO - Для приложения chrome.exe выбран ID={'server_id': 137}
2025-05-11 12:36:08,335 - TimeTracker - INFO - Отправка активности: start_time=2025-05-11T09:33:22.808402Z, end_time=2025-05-11T09:33:23.809772Z, длительность=1.00137 секунд
2025-05-11 12:36:08,335 - TimeTracker - INFO - Вычисленная длительность: 1.00137 секунд
2025-05-11 12:36:08,335 - TimeTracker - INFO - Для приложения chrome.exe выбран ID={'server_id': 137}
2025-05-11 12:36:08,335 - TimeTracker - INFO - Отправка активности: start_time=2025-05-11T09:33:22.808402Z, end_time=2025-05-11T09:33:23.809772Z, длительность=1.00137 секунд
2025-05-11 12:36:08,335 - TimeTracker - INFO - Вычисленная длительность: 16.157738 секунд
2025-05-11 12:36:08,335 - TimeTracker - INFO - Для приложения chrome.exe выбран ID={'server_id': 137}
2025-05-11 12:36:08,335 - TimeTracker - INFO - Отправка активности: start_time=2025-05-11T09:33:23.810545Z, end_time=2025-05-11T09:33:39.968283Z, длительность=16.157738 секунд
2025-05-11 12:36:08,335 - TimeTracker - INFO - Вычисленная длительность: 1.00137 секунд
2025-05-11 12:36:08,335 - TimeTracker - INFO - Для приложения chrome.exe выбран ID={'server_id': 137}
2025-05-11 12:36:08,335 - TimeTracker - INFO - Отправка активности: start_time=2025-05-11T09:33:22.808402Z, end_time=2025-05-11T09:33:23.809772Z, длительность=1.00137 секунд
2025-05-11 12:36:08,335 - TimeTracker - INFO - Вычисленная длительность: 1.00137 секунд
2025-05-11 12:36:08,335 - TimeTracker - INFO - Для приложения chrome.exe выбран ID={'server_id': 137}
2025-05-11 12:36:08,336 - TimeTracker - INFO - Отправка активности: start_time=2025-05-11T09:33:22.808402Z, end_time=2025-05-11T09:33:23.809772Z, длительность=1.00137 секунд
2025-05-11 12:36:08,336 - TimeTracker - INFO - Вычисленная длительность: 16.157738 секунд
2025-05-11 12:36:08,336 - TimeTracker - INFO - Для приложения chrome.exe выбран ID={'server_id': 137}
2025-05-11 12:36:08,336 - TimeTracker - INFO - Отправка активности: start_time=2025-05-11T09:33:23.810545Z, end_time=2025-05-11T09:33:39.968283Z, длительность=16.157738 секунд
2025-05-11 12:36:08,336 - TimeTracker - INFO - Отправка 20 записей активности на сервер.
2025-05-11 12:36:08,336 - TimeTracker - INFO - API URL: http://46.173.26.149:8000/api/activities/, Токен: eyJhbGciOi...
2025-05-11 12:36:08,336 - TimeTracker - INFO - Отправляем пайлоад: {'application': {'server_id': 137}, 'title': 'Главная - Time Tracker - Google Chrome', 'start_time': '2025-05-11T09:33:22.808402Z', 'end_time': '2025-05-11T09:33:23.809772Z', 'is_productive': True, 'app_name': 'chrome.exe', 'keyboard_presses': 0}
2025-05-11 12:36:08,421 - TimeTracker - ERROR - Ошибка при отправке записи: 400 - {"status":"error","code":400,"detail":{"application":["Некорректный тип. Ожидалось значение первичного ключа, получен dict."]}}
2025-05-11 12:36:08,422 - TimeTracker - INFO - Отправляем пайлоад: {'application': {'server_id': 137}, 'title': 'Главная - Time Tracker - Google Chrome', 'start_time': '2025-05-11T09:33:22.808402Z', 'end_time': '2025-05-11T09:33:23.809772Z', 'is_productive': True, 'app_name': 'chrome.exe', 'keyboard_presses': 0}
2025-05-11 12:36:08,500 - TimeTracker - ERROR - Ошибка при отправке записи: 400 - {"status":"error","code":400,"detail":{"application":["Некорректный тип. Ожидалось значение первичного ключа, получен dict."]}}
2025-05-11 12:36:08,500 - TimeTracker - INFO - Отправляем пайлоад: {'application': {'server_id': 137}, 'title': 'Статистика - Time Tracker - Google Chrome', 'start_time': '2025-05-11T09:33:23.810545Z', 'end_time': '2025-05-11T09:33:39.968283Z', 'is_productive': True, 'app_name': 'chrome.exe', 'keyboard_presses': 2}
2025-05-11 12:36:08,577 - TimeTracker - ERROR - Ошибка при отправке записи: 400 - {"status":"error","code":400,"detail":{"application":["Некорректный тип. Ожидалось значение первичного ключа, получен dict."]}}
2025-05-11 12:36:08,577 - TimeTracker - INFO - Отправляем пайлоад: {'application': {'server_id': 137}, 'title': 'Главная - Time Tracker - Google Chrome', 'start_time': '2025-05-11T09:33:22.808402Z', 'end_time': '2025-05-11T09:33:23.809772Z', 'is_productive': True, 'app_name': 'chrome.exe', 'keyboard_presses': 0}
2025-05-11 12:36:08,588 - TimeTracker - INFO - Добавлено 0 нажатий клавиш в активность
2025-05-11 12:36:08,588 - TimeTracker - INFO - Завершена сессия активности: App='chrome.exe', Title='Главная - Time Tracker - Googl..., Duration=1s. В очереди: 153
2025-05-11 12:36:08,590 - TimeTracker - INFO - Начата новая сессия активности: App='chrome.exe', Title='Статистика - Time Tracker - Go...'
2025-05-11 12:36:08,655 - TimeTracker - ERROR - Ошибка при отправке записи: 400 - {"status":"error","code":400,"detail":{"application":["Некорректный тип. Ожидалось значение первичного ключа, получен dict."]}}
2025-05-11 12:36:08,655 - TimeTracker - INFO - Отправляем пайлоад: {'application': {'server_id': 137}, 'title': 'Главная - Time Tracker - Google Chrome', 'start_time': '2025-05-11T09:33:22.808402Z', 'end_time': '2025-05-11T09:33:23.809772Z', 'is_productive': True, 'app_name': 'chrome.exe', 'keyboard_presses': 0}
2025-05-11 12:36:08,732 - TimeTracker - ERROR - Ошибка при отправке записи: 400 - {"status":"error","code":400,"detail":{"application":["Некорректный тип. Ожидалось значение первичного ключа, получен dict."]}}
2025-05-11 12:36:08,733 - TimeTracker - INFO - Отправляем пайлоад: {'application': {'server_id': 137}, 'title': 'Статистика - Time Tracker - Google Chrome', 'start_time': '2025-05-11T09:33:23.810545Z', 'end_time': '2025-05-11T09:33:39.968283Z', 'is_productive': True, 'app_name': 'chrome.exe', 'keyboard_presses': 2}
2025-05-11 12:36:08,810 - TimeTracker - ERROR - Ошибка при отправке записи: 400 - {"status":"error","code":400,"detail":{"application":["Некорректный тип. Ожидалось значение первичного ключа, получен dict."]}}
2025-05-11 12:36:08,811 - TimeTracker - INFO - Отправляем пайлоад: {'application': {'server_id': 137}, 'title': 'Главная - Time Tracker - Google Chrome', 'start_time': '2025-05-11T09:33:22.808402Z', 'end_time': '2025-05-11T09:33:23.809772Z', 'is_productive': True, 'app_name': 'chrome.exe', 'keyboard_presses': 0}
2025-05-11 12:36:08,889 - TimeTracker - ERROR - Ошибка при отправке записи: 400 - {"status":"error","code":400,"detail":{"application":["Некорректный тип. Ожидалось значение первичного ключа, получен dict."]}}
2025-05-11 12:36:08,889 - TimeTracker - INFO - Отправляем пайлоад: {'application': {'server_id': 137}, 'title': 'Главная - Time Tracker - Google Chrome', 'start_time': '2025-05-11T09:33:22.808402Z', 'end_time': '2025-05-11T09:33:23.809772Z', 'is_productive': True, 'app_name': 'chrome.exe', 'keyboard_presses': 0}
2025-05-11 12:36:08,968 - TimeTracker - ERROR - Ошибка при отправке записи: 400 - {"status":"error","code":400,"detail":{"application":["Некорректный тип. Ожидалось значение первичного ключа, получен dict."]}}
2025-05-11 12:36:08,968 - TimeTracker - INFO - Отправляем пайлоад: {'application': {'server_id': 137}, 'title': 'Статистика - Time Tracker - Google Chrome', 'start_time': '2025-05-11T09:33:23.810545Z', 'end_time': '2025-05-11T09:33:39.968283Z', 'is_productive': True, 'app_name': 'chrome.exe', 'keyboard_presses': 2}
2025-05-11 12:36:09,045 - TimeTracker - ERROR - Ошибка при отправке записи: 400 - {"status":"error","code":400,"detail":{"application":["Некорректный тип. Ожидалось значение первичного ключа, получен dict."]}}
2025-05-11 12:36:09,045 - TimeTracker - INFO - Отправляем пайлоад: {'application': {'server_id': 137}, 'title': 'Главная - Time Tracker - Google Chrome', 'start_time': '2025-05-11T09:33:22.808402Z', 'end_time': '2025-05-11T09:33:23.809772Z', 'is_productive': True, 'app_name': 'chrome.exe', 'keyboard_presses': 0}
2025-05-11 12:36:09,123 - TimeTracker - ERROR - Ошибка при отправке записи: 400 - {"status":"error","code":400,"detail":{"application":["Некорректный тип. Ожидалось значение первичного ключа, получен dict."]}}
2025-05-11 12:36:09,123 - TimeTracker - INFO - Отправляем пайлоад: {'application': {'server_id': 137}, 'title': 'Главная - Time Tracker - Google Chrome', 'start_time': '2025-05-11T09:33:22.808402Z', 'end_time': '2025-05-11T09:33:23.809772Z', 'is_productive': True, 'app_name': 'chrome.exe', 'keyboard_presses': 0}
2025-05-11 12:36:09,201 - TimeTracker - ERROR - Ошибка при отправке записи: 400 - {"status":"error","code":400,"detail":{"application":["Некорректный тип. Ожидалось значение первичного ключа, получен dict."]}}
2025-05-11 12:36:09,201 - TimeTracker - INFO - Отправляем пайлоад: {'application': {'server_id': 137}, 'title': 'Статистика - Time Tracker - Google Chrome', 'start_time': '2025-05-11T09:33:23.810545Z', 'end_time': '2025-05-11T09:33:39.968283Z', 'is_productive': True, 'app_name': 'chrome.exe', 'keyboard_presses': 2}
2025-05-11 12:36:09,277 - TimeTracker - ERROR - Ошибка при отправке записи: 400 - {"status":"error","code":400,"detail":{"application":["Некорректный тип. Ожидалось значение первичного ключа, получен dict."]}}
2025-05-11 12:36:09,278 - TimeTracker - INFO - Отправляем пайлоад: {'application': {'server_id': 137}, 'title': 'Главная - Time Tracker - Google Chrome', 'start_time': '2025-05-11T09:33:22.808402Z', 'end_time': '2025-05-11T09:33:23.809772Z', 'is_productive': True, 'app_name': 'chrome.exe', 'keyboard_presses': 0}
2025-05-11 12:36:09,371 - TimeTracker - ERROR - Ошибка при отправке записи: 400 - {"status":"error","code":400,"detail":{"application":["Некорректный тип. Ожидалось значение первичного ключа, получен dict."]}}
2025-05-11 12:36:09,372 - TimeTracker - INFO - Отправляем пайлоад: {'application': {'server_id': 137}, 'title': 'Статистика - Time Tracker - Google Chrome', 'start_time': '2025-05-11T09:33:23.810545Z', 'end_time': '2025-05-11T09:33:39.968283Z', 'is_productive': True, 'app_name': 'chrome.exe', 'keyboard_presses': 2}
2025-05-11 12:36:09,449 - TimeTracker - ERROR - Ошибка при отправке записи: 400 - {"status":"error","code":400,"detail":{"application":["Некорректный тип. Ожидалось значение первичного ключа, получен dict."]}}
2025-05-11 12:36:09,449 - TimeTracker - INFO - Отправляем пайлоад: {'application': {'server_id': 137}, 'title': 'Главная - Time Tracker - Google Chrome', 'start_time': '2025-05-11T09:33:22.808402Z', 'end_time': '2025-05-11T09:33:23.809772Z', 'is_productive': True, 'app_name': 'chrome.exe', 'keyboard_presses': 0}
2025-05-11 12:36:09,528 - TimeTracker - ERROR - Ошибка при отправке записи: 400 - {"status":"error","code":400,"detail":{"application":["Некорректный тип. Ожидалось значение первичного ключа, получен dict."]}}
2025-05-11 12:36:09,528 - TimeTracker - INFO - Отправляем пайлоад: {'application': {'server_id': 137}, 'title': 'Главная - Time Tracker - Google Chrome', 'start_time': '2025-05-11T09:33:22.808402Z', 'end_time': '2025-05-11T09:33:23.809772Z', 'is_productive': True, 'app_name': 'chrome.exe', 'keyboard_presses': 0}
2025-05-11 12:36:09,590 - TimeTracker - INFO - Добавлено 0 нажатий клавиш в активность
2025-05-11 12:36:09,590 - TimeTracker - INFO - Завершена сессия активности: App='chrome.exe', Title='Статистика - Time Tracker - Go..., Duration=1s. В очереди: 166
2025-05-11 12:36:09,592 - TimeTracker - INFO - Начата новая сессия активности: App='chrome.exe', Title='Логи - Time Tracker - Google C...'
2025-05-11 12:36:09,604 - TimeTracker - ERROR - Ошибка при отправке записи: 400 - {"status":"error","code":400,"detail":{"application":["Некорректный тип. Ожидалось значение первичного ключа, получен dict."]}}
2025-05-11 12:36:09,605 - TimeTracker - INFO - Отправляем пайлоад: {'application': {'server_id': 137}, 'title': 'Статистика - Time Tracker - Google Chrome', 'start_time': '2025-05-11T09:33:23.810545Z', 'end_time': '2025-05-11T09:33:39.968283Z', 'is_productive': True, 'app_name': 'chrome.exe', 'keyboard_presses': 2}
2025-05-11 12:36:09,683 - TimeTracker - ERROR - Ошибка при отправке записи: 400 - {"status":"error","code":400,"detail":{"application":["Некорректный тип. Ожидалось значение первичного ключа, получен dict."]}}
2025-05-11 12:36:09,683 - TimeTracker - INFO - Отправляем пайлоад: {'application': {'server_id': 137}, 'title': 'Главная - Time Tracker - Google Chrome', 'start_time': '2025-05-11T09:33:22.808402Z', 'end_time': '2025-05-11T09:33:23.809772Z', 'is_productive': True, 'app_name': 'chrome.exe', 'keyboard_presses': 0}
2025-05-11 12:36:09,761 - TimeTracker - ERROR - Ошибка при отправке записи: 400 - {"status":"error","code":400,"detail":{"application":["Некорректный тип. Ожидалось значение первичного ключа, получен dict."]}}
2025-05-11 12:36:09,761 - TimeTracker - INFO - Отправляем пайлоад: {'application': {'server_id': 137}, 'title': 'Главная - Time Tracker - Google Chrome', 'start_time': '2025-05-11T09:33:22.808402Z', 'end_time': '2025-05-11T09:33:23.809772Z', 'is_productive': True, 'app_name': 'chrome.exe', 'keyboard_presses': 0}
2025-05-11 12:36:09,839 - TimeTracker - ERROR - Ошибка при отправке записи: 400 - {"status":"error","code":400,"detail":{"application":["Некорректный тип. Ожидалось значение первичного ключа, получен dict."]}}
2025-05-11 12:36:09,839 - TimeTracker - INFO - Отправляем пайлоад: {'application': {'server_id': 137}, 'title': 'Статистика - Time Tracker - Google Chrome', 'start_time': '2025-05-11T09:33:23.810545Z', 'end_time': '2025-05-11T09:33:39.968283Z', 'is_productive': True, 'app_name': 'chrome.exe', 'keyboard_presses': 2}
2025-05-11 12:36:09,918 - TimeTracker - ERROR - Ошибка при отправке записи: 400 - {"status":"error","code":400,"detail":{"application":["Некорректный тип. Ожидалось значение первичного ключа, получен dict."]}}
2025-05-11 12:36:09,918 - TimeTracker - ERROR - Ошибка при отправке данных: 400 - Успешно отправлено 0 из 20 записей
2025-05-11 12:36:10,635 - TimeTracker - INFO - Обновлен список приложений: 126 процессов
2025-05-11 13:18:44,688 - TimeTracker - INFO - Конфигурация успешно загружена из C:\Users\mihai\AppData\Local\Temp\_MEI316202\config.ini
2025-05-11 13:18:44,688 - TimeTracker - INFO - Загружено 10 отслеживаемых приложений.
2025-05-11 13:18:44,689 - TimeTracker - INFO - Конфигурация успешно сохранена в C:\Users\mihai\AppData\Local\Temp\_MEI316202\config.ini
2025-05-11 13:18:44,932 - TimeTracker - ERROR - Ошибка при обновлении списка приложений: 'TimeTrackerApp' object has no attribute 'offline_mode'
Traceback (most recent call last):
  File "main.py", line 1132, in update_app_list
  File "main.py", line 2361, in sync_productive_apps_from_server
AttributeError: 'TimeTrackerApp' object has no attribute 'offline_mode'
2025-05-11 13:18:44,968 - TimeTracker - INFO - Запущен поток отслеживания активности
2025-05-11 13:18:45,969 - TimeTracker - INFO - Начата новая сессия активности: App='TimeTracker_new.exe', Title='Time Tracker PRO'
2025-05-11 13:31:06,535 - TimeTracker - WARNING - Конфигурационный файл C:\Users\mihai\Heist_master_PC\Documents\GitHub\Tracker33\static\downloads\config.ini не найден. Создается новый.
2025-05-11 13:31:06,536 - TimeTracker - INFO - Сгенерирован новый machine_id: 3yxsp4063f41d0h24wefzs3pm45i8qvx
2025-05-11 13:31:06,536 - TimeTracker - INFO - Конфигурация успешно сохранена в C:\Users\mihai\Heist_master_PC\Documents\GitHub\Tracker33\static\downloads\config.ini
2025-05-11 13:31:06,537 - TimeTracker - INFO - Загружено 0 отслеживаемых приложений.
2025-05-11 13:31:06,537 - TimeTracker - ERROR - Ошибка при инициализации TimeTrackerApp: 'TimeTrackerApp' object has no attribute 'update_app_list'
2025-05-11 14:02:24,865 - TimeTracker - INFO - Конфигурация успешно загружена из C:\Users\mihai\AppData\Local\Temp\_MEI294202\config.ini
2025-05-11 14:02:24,865 - TimeTracker - INFO - Загружено 10 отслеживаемых приложений.
2025-05-11 14:02:24,866 - TimeTracker - INFO - Конфигурация успешно сохранена в C:\Users\mihai\AppData\Local\Temp\_MEI294202\config.ini
2025-05-11 14:02:25,532 - TimeTracker - INFO - Обновлен список приложений: 116 процессов
2025-05-11 14:02:25,560 - TimeTracker - INFO - Запущен поток отслеживания активности
2025-05-11 14:02:26,561 - TimeTracker - INFO - Начата новая сессия активности: App='TimeTracker.exe', Title='Time Tracker PRO'
2025-05-11 14:02:34,860 - TimeTracker - INFO - Обновлен список приложений: 116 процессов
2025-05-11 14:02:44,573 - TimeTracker - INFO - Добавлено 0 нажатий клавиш в активность
2025-05-11 14:02:44,573 - TimeTracker - INFO - Завершена сессия активности: App='TimeTracker.exe', Title='Time Tracker PRO, Duration=18s. В очереди: 1
2025-05-11 14:02:44,575 - TimeTracker - INFO - Начата новая сессия активности: App='Discord.exe', Title='Основной | БРИГАДА - Discord'
2025-05-11 14:02:44,859 - TimeTracker - INFO - Вычисленная длительность: 18.012395 секунд
2025-05-11 14:02:44,859 - TimeTracker - INFO - Отправляем запрос на создание приложения: http://46.173.26.149:8000/api/applications/
2025-05-11 14:02:44,965 - TimeTracker - WARNING - Не удалось создать приложение TimeTracker.exe, используем ID по умолчанию
2025-05-11 14:02:44,965 - TimeTracker - INFO - Для приложения TimeTracker.exe выбран ID=1
2025-05-11 14:02:44,965 - TimeTracker - INFO - Отправка активности: start_time=2025-05-11T11:02:26.561382Z, end_time=2025-05-11T11:02:44.573777Z, длительность=18.012395 секунд
2025-05-11 14:02:44,965 - TimeTracker - INFO - Отправка 1 записей активности на сервер.
2025-05-11 14:02:44,965 - TimeTracker - INFO - API URL: http://46.173.26.149:8000/api/activities/, Токен: eyJhbGciOi...
2025-05-11 14:02:44,965 - TimeTracker - INFO - Отправляем пайлоад: {'application': 1, 'title': 'Time Tracker PRO', 'start_time': '2025-05-11T11:02:26.561382Z', 'end_time': '2025-05-11T11:02:44.573777Z', 'is_productive': False, 'app_name': 'TimeTracker.exe', 'keyboard_presses': 0}
2025-05-11 14:02:45,042 - TimeTracker - ERROR - Ошибка авторизации: 401 - {"status":"error","code":401,"detail":{"detail":"Данный токен недействителен для любого типа токена","code":"token_not_valid","messages":[{"token_class":"AccessToken","token_type":"access","message":"Токен недействителен или просрочен"}]}}
2025-05-11 14:02:45,043 - TimeTracker - INFO - Конфигурация успешно сохранена в C:\Users\mihai\AppData\Local\Temp\_MEI294202\config.ini
2025-05-11 14:02:45,043 - TimeTracker - INFO - Требуется повторная авторизация. Запрашиваем новый токен...
2025-05-11 14:02:45,043 - TimeTracker - INFO - Токен отсутствует или недействителен, вызывается диалог входа.
2025-05-11 14:02:45,069 - TimeTracker - INFO - Обновлен список приложений: 116 процессов
2025-05-11 14:02:47,576 - TimeTracker - INFO - Добавлено 0 нажатий клавиш в активность
2025-05-11 14:02:47,576 - TimeTracker - INFO - Завершена сессия активности: App='Discord.exe', Title='Основной | БРИГАДА - Discord, Duration=3s. В очереди: 1
2025-05-11 14:02:47,578 - TimeTracker - INFO - Начата новая сессия активности: App='TimeTracker.exe', Title='Авторизация'
2025-05-11 14:02:53,583 - TimeTracker - INFO - Добавлено 0 нажатий клавиш в активность
2025-05-11 14:02:53,583 - TimeTracker - INFO - Завершена сессия активности: App='TimeTracker.exe', Title='Авторизация, Duration=6s. В очереди: 2
2025-05-11 14:02:53,586 - TimeTracker - INFO - Начата новая сессия активности: App='Discord.exe', Title='Основной | БРИГАДА - Discord'
2025-05-11 14:02:54,865 - TimeTracker - WARNING - Диалог авторизации уже активен, пропускаем повторный вызов
2025-05-11 14:02:54,873 - TimeTracker - INFO - Обновлен список приложений: 115 процессов
2025-05-11 14:02:57,589 - TimeTracker - INFO - Добавлено 0 нажатий клавиш в активность
2025-05-11 14:02:57,589 - TimeTracker - INFO - Завершена сессия активности: App='Discord.exe', Title='Основной | БРИГАДА - Discord, Duration=4s. В очереди: 3
2025-05-11 14:02:57,590 - TimeTracker - INFO - Начата новая сессия активности: App='TimeTracker.exe', Title='Авторизация'
2025-05-11 14:03:04,887 - TimeTracker - INFO - Обновлен список приложений: 115 процессов
2025-05-11 14:03:11,996 - TimeTracker - WARNING - Загруженный токен истек, требуется повторная авторизация
2025-05-11 14:03:11,996 - TimeTracker - ERROR - Ошибка загрузки токена: [WinError 32] Процесс не может получить доступ к файлу, так как этот файл занят другим процессом: 'C:\\Users\\mihai\\.timetracker\\token.json'
2025-05-11 14:03:11,997 - TimeTracker - INFO - Авторизация по URL: http://46.173.26.149:8000/api/token/
2025-05-11 14:03:12,405 - TimeTracker - INFO - Токен после логина: eyJhbGciOiJIUzI1NiIs... действителен до 2025-05-11 15:03:17
2025-05-11 14:03:12,407 - TimeTracker - INFO - Конфигурация успешно сохранена в C:\Users\mihai\AppData\Local\Temp\_MEI294202\config.ini
2025-05-11 14:03:12,407 - TimeTracker - INFO - Токен авторизации успешно сохранен в конфигурации.
2025-05-11 14:03:12,410 - TimeTracker - INFO - Вход выполнен успешно через диалог.
2025-05-11 14:03:12,597 - TimeTracker - INFO - Добавлено 21 нажатий клавиш в активность
2025-05-11 14:03:12,597 - TimeTracker - INFO - Завершена сессия активности: App='TimeTracker.exe', Title='Авторизация, Duration=15s. В очереди: 5
2025-05-11 14:03:12,598 - TimeTracker - INFO - Начата новая сессия активности: App='TimeTracker.exe', Title='Time Tracker PRO'
2025-05-11 14:03:14,875 - TimeTracker - INFO - Обновлен список приложений: 115 процессов
2025-05-11 14:03:21,604 - TimeTracker - INFO - Добавлено 2 нажатий клавиш в активность
2025-05-11 14:03:21,604 - TimeTracker - INFO - Завершена сессия активности: App='TimeTracker.exe', Title='Time Tracker PRO, Duration=9s. В очереди: 6
2025-05-11 14:03:22,410 - TimeTracker - INFO - Вычисленная длительность: 3.001998 секунд
2025-05-11 14:03:22,410 - TimeTracker - INFO - Отправляем запрос на создание приложения: http://46.173.26.149:8000/api/applications/
2025-05-11 14:03:22,500 - TimeTracker - INFO - Создано новое приложение: Discord.exe с ID=146
2025-05-11 14:03:22,500 - TimeTracker - INFO - Для приложения Discord.exe выбран ID=146
2025-05-11 14:03:22,500 - TimeTracker - INFO - Отправка активности: start_time=2025-05-11T11:02:44.574695Z, end_time=2025-05-11T11:02:47.576693Z, длительность=3.001998 секунд
2025-05-11 14:03:22,501 - TimeTracker - INFO - Вычисленная длительность: 6.006308 секунд
2025-05-11 14:03:22,501 - TimeTracker - INFO - Отправляем запрос на создание приложения: http://46.173.26.149:8000/api/applications/
2025-05-11 14:03:22,578 - TimeTracker - INFO - Создано новое приложение: TimeTracker.exe с ID=147
2025-05-11 14:03:22,578 - TimeTracker - INFO - Для приложения TimeTracker.exe выбран ID=147
2025-05-11 14:03:22,578 - TimeTracker - INFO - Отправка активности: start_time=2025-05-11T11:02:47.577552Z, end_time=2025-05-11T11:02:53.583860Z, длительность=6.006308 секунд
2025-05-11 14:03:22,579 - TimeTracker - INFO - Вычисленная длительность: 4.004507 секунд
2025-05-11 14:03:22,579 - TimeTracker - INFO - Для приложения Discord.exe выбран ID=146
2025-05-11 14:03:22,579 - TimeTracker - INFO - Отправка активности: start_time=2025-05-11T11:02:53.584659Z, end_time=2025-05-11T11:02:57.589166Z, длительность=4.004507 секунд
2025-05-11 14:03:22,579 - TimeTracker - INFO - Вычисленная длительность: 18.012395 секунд
2025-05-11 14:03:22,579 - TimeTracker - INFO - Для приложения TimeTracker.exe выбран ID=147
2025-05-11 14:03:22,579 - TimeTracker - INFO - Отправка активности: start_time=2025-05-11T11:02:26.561382Z, end_time=2025-05-11T11:02:44.573777Z, длительность=18.012395 секунд
2025-05-11 14:03:22,579 - TimeTracker - INFO - Вычисленная длительность: 15.007652 секунд
2025-05-11 14:03:22,579 - TimeTracker - INFO - Для приложения TimeTracker.exe выбран ID=147
2025-05-11 14:03:22,579 - TimeTracker - INFO - Отправка активности: start_time=2025-05-11T11:02:57.590030Z, end_time=2025-05-11T11:03:12.597682Z, длительность=15.007652 секунд
2025-05-11 14:03:22,579 - TimeTracker - INFO - Вычисленная длительность: 9.006078 секунд
2025-05-11 14:03:22,579 - TimeTracker - INFO - Для приложения TimeTracker.exe выбран ID=147
2025-05-11 14:03:22,579 - TimeTracker - INFO - Отправка активности: start_time=2025-05-11T11:03:12.598483Z, end_time=2025-05-11T11:03:21.604561Z, длительность=9.006078 секунд
2025-05-11 14:03:22,579 - TimeTracker - INFO - Отправка 6 записей активности на сервер.
2025-05-11 14:03:22,579 - TimeTracker - INFO - API URL: http://46.173.26.149:8000/api/activities/, Токен: eyJhbGciOi...
2025-05-11 14:03:22,580 - TimeTracker - INFO - Отправляем пайлоад: {'application': 146, 'title': 'Основной | БРИГАДА - Discord', 'start_time': '2025-05-11T11:02:44.574695Z', 'end_time': '2025-05-11T11:02:47.576693Z', 'is_productive': False, 'app_name': 'Discord.exe', 'keyboard_presses': 0}
2025-05-11 14:03:22,686 - TimeTracker - INFO - Успешно отправлено: 201 - {"id":1686,"user":5,"application":148,"start_time":"2025-05-11T14:02:44.574695+03:00","end_time":"2025-05-11T14:02:47.576693+03:00","duration":"00:00:03.001998","keyboard_presses":0}
2025-05-11 14:03:22,686 - TimeTracker - INFO - Отправляем пайлоад: {'application': 147, 'title': 'Авторизация', 'start_time': '2025-05-11T11:02:47.577552Z', 'end_time': '2025-05-11T11:02:53.583860Z', 'is_productive': False, 'app_name': 'TimeTracker.exe', 'keyboard_presses': 0}
2025-05-11 14:03:22,795 - TimeTracker - INFO - Успешно отправлено: 201 - {"id":1687,"user":5,"application":149,"start_time":"2025-05-11T14:02:47.577552+03:00","end_time":"2025-05-11T14:02:53.583860+03:00","duration":"00:00:06.006308","keyboard_presses":0}
2025-05-11 14:03:22,795 - TimeTracker - INFO - Отправляем пайлоад: {'application': 146, 'title': 'Основной | БРИГАДА - Discord', 'start_time': '2025-05-11T11:02:53.584659Z', 'end_time': '2025-05-11T11:02:57.589166Z', 'is_productive': False, 'app_name': 'Discord.exe', 'keyboard_presses': 0}
2025-05-11 14:03:22,889 - TimeTracker - INFO - Успешно отправлено: 201 - {"id":1688,"user":5,"application":148,"start_time":"2025-05-11T14:02:53.584659+03:00","end_time":"2025-05-11T14:02:57.589166+03:00","duration":"00:00:04.004507","keyboard_presses":0}
2025-05-11 14:03:22,889 - TimeTracker - INFO - Отправляем пайлоад: {'application': 147, 'title': 'Time Tracker PRO', 'start_time': '2025-05-11T11:02:26.561382Z', 'end_time': '2025-05-11T11:02:44.573777Z', 'is_productive': False, 'app_name': 'TimeTracker.exe', 'keyboard_presses': 0}
2025-05-11 14:03:22,981 - TimeTracker - INFO - Успешно отправлено: 201 - {"id":1689,"user":5,"application":149,"start_time":"2025-05-11T14:02:26.561382+03:00","end_time":"2025-05-11T14:02:44.573777+03:00","duration":"00:00:18.012395","keyboard_presses":0}
2025-05-11 14:03:22,981 - TimeTracker - INFO - Отправляем пайлоад: {'application': 147, 'title': 'Авторизация', 'start_time': '2025-05-11T11:02:57.590030Z', 'end_time': '2025-05-11T11:03:12.597682Z', 'is_productive': False, 'app_name': 'TimeTracker.exe', 'keyboard_presses': 21}
2025-05-11 14:03:23,075 - TimeTracker - INFO - Успешно отправлено: 201 - {"id":1690,"user":5,"application":149,"start_time":"2025-05-11T14:02:57.590030+03:00","end_time":"2025-05-11T14:03:12.597682+03:00","duration":"00:00:15.007652","keyboard_presses":21}
2025-05-11 14:03:23,075 - TimeTracker - INFO - Отправляем пайлоад: {'application': 147, 'title': 'Time Tracker PRO', 'start_time': '2025-05-11T11:03:12.598483Z', 'end_time': '2025-05-11T11:03:21.604561Z', 'is_productive': False, 'app_name': 'TimeTracker.exe', 'keyboard_presses': 2}
2025-05-11 14:03:23,168 - TimeTracker - INFO - Успешно отправлено: 201 - {"id":1691,"user":5,"application":149,"start_time":"2025-05-11T14:03:12.598483+03:00","end_time":"2025-05-11T14:03:21.604561+03:00","duration":"00:00:09.006078","keyboard_presses":2}
2025-05-11 14:03:23,168 - TimeTracker - INFO - Успешно отправлено 6 записей активности.
2025-05-11 14:03:23,607 - TimeTracker - INFO - Начата новая сессия активности: App='Discord.exe', Title='Основной | БРИГАДА - Discord'
2025-05-11 14:03:24,608 - TimeTracker - INFO - Добавлено 1 нажатий клавиш в активность
2025-05-11 14:03:24,608 - TimeTracker - INFO - Завершена сессия активности: App='Discord.exe', Title='Основной | БРИГАДА - Discord, Duration=1s. В очереди: 1
2025-05-11 14:03:24,610 - TimeTracker - INFO - Начата новая сессия активности: App='SearchHost.exe', Title='Поиск'
2025-05-11 14:03:24,912 - TimeTracker - INFO - Проверка соединения: успешно
2025-05-11 14:03:24,926 - TimeTracker - INFO - Обновлен список приложений: 116 процессов
2025-05-11 14:03:25,611 - TimeTracker - INFO - Добавлено 0 нажатий клавиш в активность
2025-05-11 14:03:25,611 - TimeTracker - INFO - Завершена сессия активности: App='SearchHost.exe', Title='Поиск, Duration=1s. В очереди: 2
2025-05-11 14:03:25,613 - TimeTracker - INFO - Начата новая сессия активности: App='Telegram.exe', Title='‎иван @ ‎Михаил (14833)'
2025-05-11 14:03:26,615 - TimeTracker - INFO - Добавлено 0 нажатий клавиш в активность
2025-05-11 14:03:26,615 - TimeTracker - INFO - Завершена сессия активности: App='Telegram.exe', Title='‎иван @ ‎Михаил (14833), Duration=1s. В очереди: 3
2025-05-11 14:03:26,617 - TimeTracker - INFO - Начата новая сессия активности: App='Telegram.exe', Title='‎лиза @ ‎Михаил (14832)'
2025-05-11 14:03:32,400 - TimeTracker - INFO - Вычисленная длительность: 1.002257 секунд
2025-05-11 14:03:32,400 - TimeTracker - INFO - Для приложения Discord.exe выбран ID=146
2025-05-11 14:03:32,400 - TimeTracker - INFO - Отправка активности: start_time=2025-05-11T11:03:23.606612Z, end_time=2025-05-11T11:03:24.608869Z, длительность=1.002257 секунд
2025-05-11 14:03:32,400 - TimeTracker - INFO - Вычисленная длительность: 1.001774 секунд
2025-05-11 14:03:32,400 - TimeTracker - INFO - Отправляем запрос на создание приложения: http://46.173.26.149:8000/api/applications/
2025-05-11 14:03:32,483 - TimeTracker - INFO - Создано новое приложение: SearchHost.exe с ID=150
2025-05-11 14:03:32,484 - TimeTracker - INFO - Для приложения SearchHost.exe выбран ID=150
2025-05-11 14:03:32,484 - TimeTracker - INFO - Отправка активности: start_time=2025-05-11T11:03:24.610024Z, end_time=2025-05-11T11:03:25.611798Z, длительность=1.001774 секунд
2025-05-11 14:03:32,484 - TimeTracker - INFO - Вычисленная длительность: 1.002435 секунд
2025-05-11 14:03:32,484 - TimeTracker - INFO - Отправляем запрос на создание приложения: http://46.173.26.149:8000/api/applications/
2025-05-11 14:03:32,578 - TimeTracker - INFO - Создано новое приложение: Telegram.exe с ID=151
2025-05-11 14:03:32,578 - TimeTracker - INFO - Для приложения Telegram.exe выбран ID=151
2025-05-11 14:03:32,578 - TimeTracker - INFO - Отправка активности: start_time=2025-05-11T11:03:25.613272Z, end_time=2025-05-11T11:03:26.615707Z, длительность=1.002435 секунд
2025-05-11 14:03:32,578 - TimeTracker - INFO - Отправка 3 записей активности на сервер.
2025-05-11 14:03:32,578 - TimeTracker - INFO - API URL: http://46.173.26.149:8000/api/activities/, Токен: eyJhbGciOi...
2025-05-11 14:03:32,578 - TimeTracker - INFO - Отправляем пайлоад: {'application': 146, 'title': 'Основной | БРИГАДА - Discord', 'start_time': '2025-05-11T11:03:23.606612Z', 'end_time': '2025-05-11T11:03:24.608869Z', 'is_productive': False, 'app_name': 'Discord.exe', 'keyboard_presses': 1}
2025-05-11 14:03:32,620 - TimeTracker - INFO - Добавлено 0 нажатий клавиш в активность
2025-05-11 14:03:32,620 - TimeTracker - INFO - Завершена сессия активности: App='Telegram.exe', Title='‎лиза @ ‎Михаил (14832), Duration=6s. В очереди: 1
2025-05-11 14:03:32,622 - TimeTracker - INFO - Начата новая сессия активности: App='Telegram.exe', Title='иван'
2025-05-11 14:03:32,670 - TimeTracker - INFO - Успешно отправлено: 201 - {"id":1692,"user":5,"application":148,"start_time":"2025-05-11T14:03:23.606612+03:00","end_time":"2025-05-11T14:03:24.608869+03:00","duration":"00:00:01.002257","keyboard_presses":1}
2025-05-11 14:03:32,670 - TimeTracker - INFO - Отправляем пайлоад: {'application': 150, 'title': 'Поиск', 'start_time': '2025-05-11T11:03:24.610024Z', 'end_time': '2025-05-11T11:03:25.611798Z', 'is_productive': False, 'app_name': 'SearchHost.exe', 'keyboard_presses': 0}
2025-05-11 14:03:32,764 - TimeTracker - INFO - Успешно отправлено: 201 - {"id":1693,"user":5,"application":152,"start_time":"2025-05-11T14:03:24.610024+03:00","end_time":"2025-05-11T14:03:25.611798+03:00","duration":"00:00:01.001774","keyboard_presses":0}
2025-05-11 14:03:32,764 - TimeTracker - INFO - Отправляем пайлоад: {'application': 151, 'title': '\u200eиван @ \u200eМихаил (14833)', 'start_time': '2025-05-11T11:03:25.613272Z', 'end_time': '2025-05-11T11:03:26.615707Z', 'is_productive': False, 'app_name': 'Telegram.exe', 'keyboard_presses': 0}
2025-05-11 14:03:32,857 - TimeTracker - INFO - Успешно отправлено: 201 - {"id":1694,"user":5,"application":153,"start_time":"2025-05-11T14:03:25.613272+03:00","end_time":"2025-05-11T14:03:26.615707+03:00","duration":"00:00:01.002435","keyboard_presses":0}
2025-05-11 14:03:32,858 - TimeTracker - INFO - Успешно отправлено 3 записей активности.
2025-05-11 14:03:34,893 - TimeTracker - INFO - Обновлен список приложений: 115 процессов
2025-05-11 14:03:42,401 - TimeTracker - INFO - Вычисленная длительность: 6.004079 секунд
2025-05-11 14:03:42,401 - TimeTracker - INFO - Для приложения Telegram.exe выбран ID=151
2025-05-11 14:03:42,401 - TimeTracker - INFO - Отправка активности: start_time=2025-05-11T11:03:26.616754Z, end_time=2025-05-11T11:03:32.620833Z, длительность=6.004079 секунд
2025-05-11 14:03:42,401 - TimeTracker - INFO - Отправка 1 записей активности на сервер.
2025-05-11 14:03:42,401 - TimeTracker - INFO - API URL: http://46.173.26.149:8000/api/activities/, Токен: eyJhbGciOi...
2025-05-11 14:03:42,401 - TimeTracker - INFO - Отправляем пайлоад: {'application': 151, 'title': '\u200eлиза @ \u200eМихаил (14832)', 'start_time': '2025-05-11T11:03:26.616754Z', 'end_time': '2025-05-11T11:03:32.620833Z', 'is_productive': False, 'app_name': 'Telegram.exe', 'keyboard_presses': 0}
2025-05-11 14:03:42,507 - TimeTracker - INFO - Успешно отправлено: 201 - {"id":1695,"user":5,"application":153,"start_time":"2025-05-11T14:03:26.616754+03:00","end_time":"2025-05-11T14:03:32.620833+03:00","duration":"00:00:06.004079","keyboard_presses":0}
2025-05-11 14:03:42,507 - TimeTracker - INFO - Успешно отправлено 1 записей активности.
2025-05-11 14:03:44,893 - TimeTracker - INFO - Обновлен список приложений: 115 процессов
2025-05-11 14:03:46,627 - TimeTracker - INFO - Добавлено 0 нажатий клавиш в активность
2025-05-11 14:03:46,628 - TimeTracker - INFO - Завершена сессия активности: App='Telegram.exe', Title='иван, Duration=14s. В очереди: 1
2025-05-11 14:03:46,631 - TimeTracker - INFO - Начата новая сессия активности: App='Discord.exe', Title='Основной | БРИГАДА - Discord'
2025-05-11 14:03:48,633 - TimeTracker - INFO - Добавлено 0 нажатий клавиш в активность
2025-05-11 14:03:48,633 - TimeTracker - INFO - Завершена сессия активности: App='Discord.exe', Title='Основной | БРИГАДА - Discord, Duration=2s. В очереди: 2
2025-05-11 14:03:48,634 - TimeTracker - INFO - Начата новая сессия активности: App='TimeTracker.exe', Title='Time Tracker PRO'
2025-05-11 14:03:52,401 - TimeTracker - INFO - Вычисленная длительность: 14.006414 секунд
2025-05-11 14:03:52,401 - TimeTracker - INFO - Для приложения Telegram.exe выбран ID=151
2025-05-11 14:03:52,401 - TimeTracker - INFO - Отправка активности: start_time=2025-05-11T11:03:32.621572Z, end_time=2025-05-11T11:03:46.627986Z, длительность=14.006414 секунд
2025-05-11 14:03:52,401 - TimeTracker - INFO - Вычисленная длительность: 2.003288 секунд
2025-05-11 14:03:52,401 - TimeTracker - INFO - Для приложения Discord.exe выбран ID=146
2025-05-11 14:03:52,401 - TimeTracker - INFO - Отправка активности: start_time=2025-05-11T11:03:46.630039Z, end_time=2025-05-11T11:03:48.633327Z, длительность=2.003288 секунд
2025-05-11 14:03:52,401 - TimeTracker - INFO - Отправка 2 записей активности на сервер.
2025-05-11 14:03:52,401 - TimeTracker - INFO - API URL: http://46.173.26.149:8000/api/activities/, Токен: eyJhbGciOi...
2025-05-11 14:03:52,401 - TimeTracker - INFO - Отправляем пайлоад: {'application': 151, 'title': 'иван', 'start_time': '2025-05-11T11:03:32.621572Z', 'end_time': '2025-05-11T11:03:46.627986Z', 'is_productive': False, 'app_name': 'Telegram.exe', 'keyboard_presses': 0}
2025-05-11 14:03:52,492 - TimeTracker - INFO - Успешно отправлено: 201 - {"id":1696,"user":5,"application":153,"start_time":"2025-05-11T14:03:32.621572+03:00","end_time":"2025-05-11T14:03:46.627986+03:00","duration":"00:00:14.006414","keyboard_presses":0}
2025-05-11 14:03:52,492 - TimeTracker - INFO - Отправляем пайлоад: {'application': 146, 'title': 'Основной | БРИГАДА - Discord', 'start_time': '2025-05-11T11:03:46.630039Z', 'end_time': '2025-05-11T11:03:48.633327Z', 'is_productive': False, 'app_name': 'Discord.exe', 'keyboard_presses': 0}
2025-05-11 14:03:52,586 - TimeTracker - INFO - Успешно отправлено: 201 - {"id":1697,"user":5,"application":148,"start_time":"2025-05-11T14:03:46.630039+03:00","end_time":"2025-05-11T14:03:48.633327+03:00","duration":"00:00:02.003288","keyboard_presses":0}
2025-05-11 14:03:52,586 - TimeTracker - INFO - Успешно отправлено 2 записей активности.
2025-05-11 14:03:54,908 - TimeTracker - INFO - Проверка соединения: успешно
2025-05-11 14:03:54,917 - TimeTracker - INFO - Обновлен список приложений: 115 процессов
2025-05-11 14:04:01,641 - TimeTracker - INFO - Добавлено 3 нажатий клавиш в активность
2025-05-11 14:04:01,641 - TimeTracker - INFO - Завершена сессия активности: App='TimeTracker.exe', Title='Time Tracker PRO, Duration=13s. В очереди: 1
2025-05-11 14:04:01,642 - TimeTracker - INFO - Начата новая сессия активности: App='SnippingTool.exe', Title='Наложение Ножниц'
2025-05-11 14:04:02,401 - TimeTracker - INFO - Вычисленная длительность: 13.007477 секунд
2025-05-11 14:04:02,401 - TimeTracker - INFO - Для приложения TimeTracker.exe выбран ID=147
2025-05-11 14:04:02,401 - TimeTracker - INFO - Отправка активности: start_time=2025-05-11T11:03:48.633888Z, end_time=2025-05-11T11:04:01.641365Z, длительность=13.007477 секунд
2025-05-11 14:04:02,402 - TimeTracker - INFO - Отправка 1 записей активности на сервер.
2025-05-11 14:04:02,402 - TimeTracker - INFO - API URL: http://46.173.26.149:8000/api/activities/, Токен: eyJhbGciOi...
2025-05-11 14:04:02,402 - TimeTracker - INFO - Отправляем пайлоад: {'application': 147, 'title': 'Time Tracker PRO', 'start_time': '2025-05-11T11:03:48.633888Z', 'end_time': '2025-05-11T11:04:01.641365Z', 'is_productive': False, 'app_name': 'TimeTracker.exe', 'keyboard_presses': 3}
2025-05-11 14:04:02,517 - TimeTracker - INFO - Успешно отправлено: 201 - {"id":1698,"user":5,"application":149,"start_time":"2025-05-11T14:03:48.633888+03:00","end_time":"2025-05-11T14:04:01.641365+03:00","duration":"00:00:13.007477","keyboard_presses":3}
2025-05-11 14:04:02,517 - TimeTracker - INFO - Успешно отправлено 1 записей активности.
2025-05-11 14:04:03,643 - TimeTracker - INFO - Добавлено 2 нажатий клавиш в активность
2025-05-11 14:04:03,643 - TimeTracker - INFO - Завершена сессия активности: App='SnippingTool.exe', Title='Наложение Ножниц, Duration=2s. В очереди: 1
2025-05-11 14:04:04,645 - TimeTracker - INFO - Начата новая сессия активности: App='Telegram.exe', Title='‎иван @ ‎Михаил (14832)'
2025-05-11 14:04:04,893 - TimeTracker - INFO - Обновлен список приложений: 115 процессов
2025-05-11 14:04:09,648 - TimeTracker - INFO - Добавлено 3 нажатий клавиш в активность
2025-05-11 14:04:09,648 - TimeTracker - INFO - Завершена сессия активности: App='Telegram.exe', Title='‎иван @ ‎Михаил (14832), Duration=5s. В очереди: 2
2025-05-11 14:04:09,649 - TimeTracker - INFO - Начата новая сессия активности: App='Telegram.exe', Title='Просмотр медиа'
2025-05-11 14:04:12,400 - TimeTracker - INFO - Вычисленная длительность: 2.001738 секунд
2025-05-11 14:04:12,400 - TimeTracker - INFO - Отправляем запрос на создание приложения: http://46.173.26.149:8000/api/applications/
2025-05-11 14:04:12,530 - TimeTracker - INFO - Создано новое приложение: SnippingTool.exe с ID=154
2025-05-11 14:04:12,530 - TimeTracker - INFO - Для приложения SnippingTool.exe выбран ID=154
2025-05-11 14:04:12,530 - TimeTracker - INFO - Отправка активности: start_time=2025-05-11T11:04:01.641980Z, end_time=2025-05-11T11:04:03.643718Z, длительность=2.001738 секунд
2025-05-11 14:04:12,531 - TimeTracker - INFO - Вычисленная длительность: 5.003646 секунд
2025-05-11 14:04:12,531 - TimeTracker - INFO - Для приложения Telegram.exe выбран ID=151
2025-05-11 14:04:12,531 - TimeTracker - INFO - Отправка активности: start_time=2025-05-11T11:04:04.644791Z, end_time=2025-05-11T11:04:09.648437Z, длительность=5.003646 секунд
2025-05-11 14:04:12,531 - TimeTracker - INFO - Отправка 2 записей активности на сервер.
2025-05-11 14:04:12,531 - TimeTracker - INFO - API URL: http://46.173.26.149:8000/api/activities/, Токен: eyJhbGciOi...
2025-05-11 14:04:12,531 - TimeTracker - INFO - Отправляем пайлоад: {'application': 154, 'title': 'Наложение Ножниц', 'start_time': '2025-05-11T11:04:01.641980Z', 'end_time': '2025-05-11T11:04:03.643718Z', 'is_productive': False, 'app_name': 'SnippingTool.exe', 'keyboard_presses': 2}
2025-05-11 14:04:12,639 - TimeTracker - INFO - Успешно отправлено: 201 - {"id":1699,"user":5,"application":155,"start_time":"2025-05-11T14:04:01.641980+03:00","end_time":"2025-05-11T14:04:03.643718+03:00","duration":"00:00:02.001738","keyboard_presses":2}
2025-05-11 14:04:12,639 - TimeTracker - INFO - Отправляем пайлоад: {'application': 151, 'title': '\u200eиван @ \u200eМихаил (14832)', 'start_time': '2025-05-11T11:04:04.644791Z', 'end_time': '2025-05-11T11:04:09.648437Z', 'is_productive': False, 'app_name': 'Telegram.exe', 'keyboard_presses': 3}
2025-05-11 14:04:12,732 - TimeTracker - INFO - Успешно отправлено: 201 - {"id":1700,"user":5,"application":153,"start_time":"2025-05-11T14:04:04.644791+03:00","end_time":"2025-05-11T14:04:09.648437+03:00","duration":"00:00:05.003646","keyboard_presses":3}
2025-05-11 14:04:12,733 - TimeTracker - INFO - Успешно отправлено 2 записей активности.
2025-05-11 14:04:14,909 - TimeTracker - INFO - Обновлен список приложений: 115 процессов
2025-05-11 14:04:24,915 - TimeTracker - INFO - Проверка соединения: успешно
2025-05-11 14:04:24,925 - TimeTracker - INFO - Обновлен список приложений: 115 процессов
2025-05-11 14:04:34,910 - TimeTracker - INFO - Обновлен список приложений: 115 процессов
2025-05-11 14:04:44,909 - TimeTracker - INFO - Обновлен список приложений: 115 процессов
2025-05-11 14:04:54,901 - TimeTracker - INFO - Проверка соединения: успешно
2025-05-11 14:04:54,911 - TimeTracker - INFO - Обновлен список приложений: 115 процессов
2025-05-11 14:05:02,669 - TimeTracker - INFO - Добавлено 0 нажатий клавиш в активность
2025-05-11 14:05:02,669 - TimeTracker - INFO - Завершена сессия активности: App='Telegram.exe', Title='Просмотр медиа, Duration=53s. В очереди: 1
2025-05-11 14:05:02,671 - TimeTracker - INFO - Начата новая сессия активности: App='Telegram.exe', Title='‎иван @ ‎Михаил (14832)'
2025-05-11 14:05:04,910 - TimeTracker - INFO - Обновлен список приложений: 115 процессов
2025-05-11 14:05:12,399 - TimeTracker - INFO - Вычисленная длительность: 53.020635 секунд
2025-05-11 14:05:12,400 - TimeTracker - INFO - Для приложения Telegram.exe выбран ID=151
2025-05-11 14:05:12,400 - TimeTracker - INFO - Отправка активности: start_time=2025-05-11T11:04:09.649102Z, end_time=2025-05-11T11:05:02.669737Z, длительность=53.020635 секунд
2025-05-11 14:05:12,400 - TimeTracker - INFO - Отправка 1 записей активности на сервер.
2025-05-11 14:05:12,400 - TimeTracker - INFO - API URL: http://46.173.26.149:8000/api/activities/, Токен: eyJhbGciOi...
2025-05-11 14:05:12,400 - TimeTracker - INFO - Отправляем пайлоад: {'application': 151, 'title': 'Просмотр медиа', 'start_time': '2025-05-11T11:04:09.649102Z', 'end_time': '2025-05-11T11:05:02.669737Z', 'is_productive': False, 'app_name': 'Telegram.exe', 'keyboard_presses': 0}
2025-05-11 14:05:12,490 - TimeTracker - INFO - Успешно отправлено: 201 - {"id":1701,"user":5,"application":153,"start_time":"2025-05-11T14:04:09.649102+03:00","end_time":"2025-05-11T14:05:02.669737+03:00","duration":"00:00:53.020635","keyboard_presses":0}
2025-05-11 14:05:12,490 - TimeTracker - INFO - Успешно отправлено 1 записей активности.
2025-05-11 14:05:14,909 - TimeTracker - INFO - Обновлен список приложений: 115 процессов
2025-05-11 14:05:24,898 - TimeTracker - INFO - Проверка соединения: успешно
2025-05-11 14:05:24,911 - TimeTracker - INFO - Обновлен список приложений: 116 процессов
2025-05-11 14:05:34,914 - TimeTracker - INFO - Обновлен список приложений: 116 процессов
2025-05-11 14:05:44,909 - TimeTracker - INFO - Обновлен список приложений: 116 процессов
2025-05-11 14:05:48,691 - TimeTracker - INFO - Добавлено 0 нажатий клавиш в активность
2025-05-11 14:05:48,691 - TimeTracker - INFO - Завершена сессия активности: App='Telegram.exe', Title='‎иван @ ‎Михаил (14832), Duration=46s. В очереди: 1
2025-05-11 14:05:48,692 - TimeTracker - INFO - Начата новая сессия активности: App='TimeTracker.exe', Title='Time Tracker PRO'
2025-05-11 14:05:49,694 - TimeTracker - INFO - Добавлено 0 нажатий клавиш в активность
2025-05-11 14:05:49,694 - TimeTracker - INFO - Завершена сессия активности: App='TimeTracker.exe', Title='Time Tracker PRO, Duration=1s. В очереди: 2
2025-05-11 14:05:49,696 - TimeTracker - INFO - Начата новая сессия активности: App='Cursor.exe', Title='main.py - Tracker33 - Cursor'
2025-05-11 14:05:52,399 - TimeTracker - INFO - Вычисленная длительность: 46.020505 секунд
2025-05-11 14:05:52,399 - TimeTracker - INFO - Для приложения Telegram.exe выбран ID=151
2025-05-11 14:05:52,400 - TimeTracker - INFO - Отправка активности: start_time=2025-05-11T11:05:02.671039Z, end_time=2025-05-11T11:05:48.691544Z, длительность=46.020505 секунд
2025-05-11 14:05:52,400 - TimeTracker - INFO - Вычисленная длительность: 1.002411 секунд
2025-05-11 14:05:52,400 - TimeTracker - INFO - Для приложения TimeTracker.exe выбран ID=147
2025-05-11 14:05:52,400 - TimeTracker - INFO - Отправка активности: start_time=2025-05-11T11:05:48.692266Z, end_time=2025-05-11T11:05:49.694677Z, длительность=1.002411 секунд
2025-05-11 14:05:52,400 - TimeTracker - INFO - Отправка 2 записей активности на сервер.
2025-05-11 14:05:52,400 - TimeTracker - INFO - API URL: http://46.173.26.149:8000/api/activities/, Токен: eyJhbGciOi...
2025-05-11 14:05:52,400 - TimeTracker - INFO - Отправляем пайлоад: {'application': 151, 'title': '\u200eиван @ \u200eМихаил (14832)', 'start_time': '2025-05-11T11:05:02.671039Z', 'end_time': '2025-05-11T11:05:48.691544Z', 'is_productive': False, 'app_name': 'Telegram.exe', 'keyboard_presses': 0}
2025-05-11 14:05:52,504 - TimeTracker - INFO - Успешно отправлено: 201 - {"id":1702,"user":5,"application":153,"start_time":"2025-05-11T14:05:02.671039+03:00","end_time":"2025-05-11T14:05:48.691544+03:00","duration":"00:00:46.020505","keyboard_presses":0}
2025-05-11 14:05:52,504 - TimeTracker - INFO - Отправляем пайлоад: {'application': 147, 'title': 'Time Tracker PRO', 'start_time': '2025-05-11T11:05:48.692266Z', 'end_time': '2025-05-11T11:05:49.694677Z', 'is_productive': False, 'app_name': 'TimeTracker.exe', 'keyboard_presses': 0}
2025-05-11 14:05:52,598 - TimeTracker - INFO - Успешно отправлено: 201 - {"id":1703,"user":5,"application":149,"start_time":"2025-05-11T14:05:48.692266+03:00","end_time":"2025-05-11T14:05:49.694677+03:00","duration":"00:00:01.002411","keyboard_presses":0}
2025-05-11 14:05:52,599 - TimeTracker - INFO - Успешно отправлено 2 записей активности.
2025-05-11 14:05:54,900 - TimeTracker - INFO - Проверка соединения: успешно
2025-05-11 14:05:54,913 - TimeTracker - INFO - Обновлен список приложений: 115 процессов
2025-05-11 14:06:04,912 - TimeTracker - INFO - Обновлен список приложений: 115 процессов
2025-05-11 14:06:11,707 - TimeTracker - INFO - Добавлено 2 нажатий клавиш в активность
2025-05-11 14:06:11,707 - TimeTracker - INFO - Завершена сессия активности: App='Cursor.exe', Title='main.py - Tracker33 - Cursor, Duration=22s. В очереди: 1
2025-05-11 14:06:12,401 - TimeTracker - INFO - Вычисленная длительность: 22.011786 секунд
2025-05-11 14:06:12,401 - TimeTracker - INFO - Отправляем запрос на создание приложения: http://46.173.26.149:8000/api/applications/
2025-05-11 14:06:12,554 - TimeTracker - INFO - Создано новое приложение: Cursor.exe с ID=156
2025-05-11 14:06:12,554 - TimeTracker - INFO - Для приложения Cursor.exe выбран ID=156
2025-05-11 14:06:12,554 - TimeTracker - INFO - Отправка активности: start_time=2025-05-11T11:05:49.695485Z, end_time=2025-05-11T11:06:11.707271Z, длительность=22.011786 секунд
2025-05-11 14:06:12,555 - TimeTracker - INFO - Отправка 1 записей активности на сервер.
2025-05-11 14:06:12,555 - TimeTracker - INFO - API URL: http://46.173.26.149:8000/api/activities/, Токен: eyJhbGciOi...
2025-05-11 14:06:12,555 - TimeTracker - INFO - Отправляем пайлоад: {'application': 156, 'title': 'main.py - Tracker33 - Cursor', 'start_time': '2025-05-11T11:05:49.695485Z', 'end_time': '2025-05-11T11:06:11.707271Z', 'is_productive': True, 'app_name': 'Cursor.exe', 'keyboard_presses': 2}
2025-05-11 14:06:12,648 - TimeTracker - INFO - Успешно отправлено: 201 - {"id":1704,"user":5,"application":157,"start_time":"2025-05-11T14:05:49.695485+03:00","end_time":"2025-05-11T14:06:11.707271+03:00","duration":"00:00:22.011786","keyboard_presses":2}
2025-05-11 14:06:12,648 - TimeTracker - INFO - Успешно отправлено 1 записей активности.
2025-05-11 14:06:14,710 - TimeTracker - INFO - Начата новая сессия активности: App='TimeTracker.exe', Title='Time Tracker PRO'
2025-05-11 14:06:14,910 - TimeTracker - INFO - Обновлен список приложений: 115 процессов
2025-05-11 14:06:24,992 - TimeTracker - INFO - Проверка соединения: успешно
2025-05-11 14:06:25,004 - TimeTracker - INFO - Обновлен список приложений: 116 процессов
2025-05-11 14:06:34,910 - TimeTracker - INFO - Обновлен список приложений: 114 процессов
2025-05-11 14:06:44,907 - TimeTracker - INFO - Обновлен список приложений: 114 процессов
2025-05-11 14:06:54,921 - TimeTracker - INFO - Проверка соединения: успешно
2025-05-11 14:06:54,932 - TimeTracker - INFO - Обновлен список приложений: 114 процессов
2025-05-11 14:07:04,909 - TimeTracker - INFO - Обновлен список приложений: 114 процессов
2025-05-11 14:07:14,908 - TimeTracker - INFO - Обновлен список приложений: 114 процессов
2025-05-11 14:07:19,740 - TimeTracker - INFO - Добавлено 0 нажатий клавиш в активность
2025-05-11 14:07:19,741 - TimeTracker - INFO - Завершена сессия активности: App='TimeTracker.exe', Title='Time Tracker PRO, Duration=65s. В очереди: 1
2025-05-11 14:07:19,742 - TimeTracker - INFO - Начата новая сессия активности: App='Cursor.exe', Title='main.py - Tracker33 - Cursor'
2025-05-11 14:07:21,743 - TimeTracker - INFO - Добавлено 2 нажатий клавиш в активность
2025-05-11 14:07:21,743 - TimeTracker - INFO - Завершена сессия активности: App='Cursor.exe', Title='main.py - Tracker33 - Cursor, Duration=2s. В очереди: 2
2025-05-11 14:07:22,399 - TimeTracker - INFO - Вычисленная длительность: 65.031397 секунд
2025-05-11 14:07:22,399 - TimeTracker - INFO - Для приложения TimeTracker.exe выбран ID=147
2025-05-11 14:07:22,399 - TimeTracker - INFO - Отправка активности: start_time=2025-05-11T11:06:14.709710Z, end_time=2025-05-11T11:07:19.741107Z, длительность=65.031397 секунд
2025-05-11 14:07:22,399 - TimeTracker - INFO - Вычисленная длительность: 2.002065 секунд
2025-05-11 14:07:22,399 - TimeTracker - INFO - Для приложения Cursor.exe выбран ID=156
2025-05-11 14:07:22,400 - TimeTracker - INFO - Отправка активности: start_time=2025-05-11T11:07:19.741767Z, end_time=2025-05-11T11:07:21.743832Z, длительность=2.002065 секунд
2025-05-11 14:07:22,400 - TimeTracker - INFO - Отправка 2 записей активности на сервер.
2025-05-11 14:07:22,400 - TimeTracker - INFO - API URL: http://46.173.26.149:8000/api/activities/, Токен: eyJhbGciOi...
2025-05-11 14:07:22,400 - TimeTracker - INFO - Отправляем пайлоад: {'application': 147, 'title': 'Time Tracker PRO', 'start_time': '2025-05-11T11:06:14.709710Z', 'end_time': '2025-05-11T11:07:19.741107Z', 'is_productive': False, 'app_name': 'TimeTracker.exe', 'keyboard_presses': 0}
2025-05-11 14:07:22,506 - TimeTracker - INFO - Успешно отправлено: 201 - {"id":1705,"user":5,"application":149,"start_time":"2025-05-11T14:06:14.709710+03:00","end_time":"2025-05-11T14:07:19.741107+03:00","duration":"00:01:05.031397","keyboard_presses":0}
2025-05-11 14:07:22,506 - TimeTracker - INFO - Отправляем пайлоад: {'application': 156, 'title': 'main.py - Tracker33 - Cursor', 'start_time': '2025-05-11T11:07:19.741767Z', 'end_time': '2025-05-11T11:07:21.743832Z', 'is_productive': True, 'app_name': 'Cursor.exe', 'keyboard_presses': 2}
2025-05-11 14:07:22,600 - TimeTracker - INFO - Успешно отправлено: 201 - {"id":1706,"user":5,"application":157,"start_time":"2025-05-11T14:07:19.741767+03:00","end_time":"2025-05-11T14:07:21.743832+03:00","duration":"00:00:02.002065","keyboard_presses":2}
2025-05-11 14:07:22,600 - TimeTracker - INFO - Успешно отправлено 2 записей активности.
2025-05-11 14:07:22,747 - TimeTracker - INFO - Начата новая сессия активности: App='TimeTracker.exe', Title='Time Tracker PRO'
2025-05-11 14:07:24,922 - TimeTracker - INFO - Проверка соединения: успешно
2025-05-11 14:07:24,929 - TimeTracker - INFO - Обновлен список приложений: 113 процессов
2025-05-11 14:07:26,749 - TimeTracker - INFO - Добавлено 2 нажатий клавиш в активность
2025-05-11 14:07:26,750 - TimeTracker - INFO - Завершена сессия активности: App='TimeTracker.exe', Title='Time Tracker PRO, Duration=4s. В очереди: 1
2025-05-11 14:07:28,752 - TimeTracker - INFO - Начата новая сессия активности: App='Telegram.exe', Title='‎иван @ ‎Михаил (14832)'
2025-05-11 14:07:29,753 - TimeTracker - INFO - Добавлено 2 нажатий клавиш в активность
2025-05-11 14:07:29,753 - TimeTracker - INFO - Завершена сессия активности: App='Telegram.exe', Title='‎иван @ ‎Михаил (14832), Duration=1s. В очереди: 2
2025-05-11 14:07:29,755 - TimeTracker - INFO - Начата новая сессия активности: App='TimeTracker.exe', Title='Time Tracker PRO'
2025-05-11 14:07:30,756 - TimeTracker - INFO - Добавлено 0 нажатий клавиш в активность
2025-05-11 14:07:30,757 - TimeTracker - INFO - Завершена сессия активности: App='TimeTracker.exe', Title='Time Tracker PRO, Duration=1s. В очереди: 3
2025-05-11 14:07:30,758 - TimeTracker - INFO - Начата новая сессия активности: App='Cursor.exe', Title='main.py - Tracker33 - Cursor'
2025-05-11 14:07:32,399 - TimeTracker - INFO - Вычисленная длительность: 4.003163 секунд
2025-05-11 14:07:32,399 - TimeTracker - INFO - Для приложения TimeTracker.exe выбран ID=147
2025-05-11 14:07:32,399 - TimeTracker - INFO - Отправка активности: start_time=2025-05-11T11:07:22.746936Z, end_time=2025-05-11T11:07:26.750099Z, длительность=4.003163 секунд
2025-05-11 14:07:32,400 - TimeTracker - INFO - Вычисленная длительность: 1.001792 секунд
2025-05-11 14:07:32,400 - TimeTracker - INFO - Для приложения Telegram.exe выбран ID=151
2025-05-11 14:07:32,400 - TimeTracker - INFO - Отправка активности: start_time=2025-05-11T11:07:28.752046Z, end_time=2025-05-11T11:07:29.753838Z, длительность=1.001792 секунд
2025-05-11 14:07:32,400 - TimeTracker - INFO - Вычисленная длительность: 1.002482 секунд
2025-05-11 14:07:32,400 - TimeTracker - INFO - Для приложения TimeTracker.exe выбран ID=147
2025-05-11 14:07:32,400 - TimeTracker - INFO - Отправка активности: start_time=2025-05-11T11:07:29.754524Z, end_time=2025-05-11T11:07:30.757006Z, длительность=1.002482 секунд
2025-05-11 14:07:32,400 - TimeTracker - INFO - Отправка 3 записей активности на сервер.
2025-05-11 14:07:32,400 - TimeTracker - INFO - API URL: http://46.173.26.149:8000/api/activities/, Токен: eyJhbGciOi...
2025-05-11 14:07:32,400 - TimeTracker - INFO - Отправляем пайлоад: {'application': 147, 'title': 'Time Tracker PRO', 'start_time': '2025-05-11T11:07:22.746936Z', 'end_time': '2025-05-11T11:07:26.750099Z', 'is_productive': False, 'app_name': 'TimeTracker.exe', 'keyboard_presses': 2}
2025-05-11 14:07:32,489 - TimeTracker - INFO - Успешно отправлено: 201 - {"id":1707,"user":5,"application":149,"start_time":"2025-05-11T14:07:22.746936+03:00","end_time":"2025-05-11T14:07:26.750099+03:00","duration":"00:00:04.003163","keyboard_presses":2}
2025-05-11 14:07:32,489 - TimeTracker - INFO - Отправляем пайлоад: {'application': 151, 'title': '\u200eиван @ \u200eМихаил (14832)', 'start_time': '2025-05-11T11:07:28.752046Z', 'end_time': '2025-05-11T11:07:29.753838Z', 'is_productive': False, 'app_name': 'Telegram.exe', 'keyboard_presses': 2}
2025-05-11 14:07:32,581 - TimeTracker - INFO - Успешно отправлено: 201 - {"id":1708,"user":5,"application":153,"start_time":"2025-05-11T14:07:28.752046+03:00","end_time":"2025-05-11T14:07:29.753838+03:00","duration":"00:00:01.001792","keyboard_presses":2}
2025-05-11 14:07:32,581 - TimeTracker - INFO - Отправляем пайлоад: {'application': 147, 'title': 'Time Tracker PRO', 'start_time': '2025-05-11T11:07:29.754524Z', 'end_time': '2025-05-11T11:07:30.757006Z', 'is_productive': False, 'app_name': 'TimeTracker.exe', 'keyboard_presses': 0}
2025-05-11 14:07:32,660 - TimeTracker - INFO - Успешно отправлено: 201 - {"id":1709,"user":5,"application":149,"start_time":"2025-05-11T14:07:29.754524+03:00","end_time":"2025-05-11T14:07:30.757006+03:00","duration":"00:00:01.002482","keyboard_presses":0}
2025-05-11 14:07:32,660 - TimeTracker - INFO - Успешно отправлено 3 записей активности.
2025-05-11 14:07:34,912 - TimeTracker - INFO - Обновлен список приложений: 114 процессов
2025-05-11 14:07:35,762 - TimeTracker - INFO - Добавлено 2 нажатий клавиш в активность
2025-05-11 14:07:35,762 - TimeTracker - INFO - Завершена сессия активности: App='Cursor.exe', Title='main.py - Tracker33 - Cursor, Duration=5s. В очереди: 1
2025-05-11 14:07:36,764 - TimeTracker - INFO - Начата новая сессия активности: App='TimeTracker.exe', Title='Time Tracker PRO'
2025-05-11 14:07:39,766 - TimeTracker - INFO - Добавлено 0 нажатий клавиш в активность
2025-05-11 14:07:39,766 - TimeTracker - INFO - Завершена сессия активности: App='TimeTracker.exe', Title='Time Tracker PRO, Duration=3s. В очереди: 2
2025-05-11 14:07:39,767 - TimeTracker - INFO - Начата новая сессия активности: App='Cursor.exe', Title='main.py - Tracker33 - Cursor'
2025-05-11 14:07:42,401 - TimeTracker - INFO - Вычисленная длительность: 5.004161 секунд
2025-05-11 14:07:42,401 - TimeTracker - INFO - Для приложения Cursor.exe выбран ID=156
2025-05-11 14:07:42,401 - TimeTracker - INFO - Отправка активности: start_time=2025-05-11T11:07:30.758245Z, end_time=2025-05-11T11:07:35.762406Z, длительность=5.004161 секунд
2025-05-11 14:07:42,401 - TimeTracker - INFO - Вычисленная длительность: 3.002309 секунд
2025-05-11 14:07:42,401 - TimeTracker - INFO - Для приложения TimeTracker.exe выбран ID=147
2025-05-11 14:07:42,401 - TimeTracker - INFO - Отправляем клавиатурную активность: 11 нажатий
2025-05-11 14:07:42,402 - TimeTracker - INFO - Отправка активности: start_time=2025-05-11T11:07:36.763985Z, end_time=2025-05-11T11:07:39.766294Z, длительность=3.002309 секунд
2025-05-11 14:07:42,402 - TimeTracker - INFO - Отправка 2 записей активности на сервер.
2025-05-11 14:07:42,402 - TimeTracker - INFO - API URL: http://46.173.26.149:8000/api/activities/, Токен: eyJhbGciOi...
2025-05-11 14:07:42,402 - TimeTracker - INFO - Отправляем пайлоад: {'application': 156, 'title': 'main.py - Tracker33 - Cursor', 'start_time': '2025-05-11T11:07:30.758245Z', 'end_time': '2025-05-11T11:07:35.762406Z', 'is_productive': True, 'app_name': 'Cursor.exe', 'keyboard_presses': 2}
2025-05-11 14:07:42,490 - TimeTracker - INFO - Успешно отправлено: 201 - {"id":1710,"user":5,"application":157,"start_time":"2025-05-11T14:07:30.758245+03:00","end_time":"2025-05-11T14:07:35.762406+03:00","duration":"00:00:05.004161","keyboard_presses":2}
2025-05-11 14:07:42,491 - TimeTracker - INFO - Отправляем пайлоад: {'application': 147, 'title': 'Time Tracker PRO', 'start_time': '2025-05-11T11:07:36.763985Z', 'end_time': '2025-05-11T11:07:39.766294Z', 'is_productive': False, 'app_name': 'TimeTracker.exe', 'keyboard_presses': 11}
2025-05-11 14:07:42,583 - TimeTracker - INFO - Успешно отправлено: 201 - {"id":1711,"user":5,"application":149,"start_time":"2025-05-11T14:07:36.763985+03:00","end_time":"2025-05-11T14:07:39.766294+03:00","duration":"00:00:03.002309","keyboard_presses":11}
2025-05-11 14:07:42,584 - TimeTracker - INFO - Успешно отправлено 2 записей активности.
2025-05-11 14:07:44,926 - TimeTracker - INFO - Обновлен список приложений: 114 процессов
2025-05-11 14:07:54,912 - TimeTracker - INFO - Проверка соединения: успешно
2025-05-11 14:07:54,926 - TimeTracker - INFO - Обновлен список приложений: 114 процессов
2025-05-11 14:08:04,925 - TimeTracker - INFO - Обновлен список приложений: 113 процессов
2025-05-11 14:08:09,780 - TimeTracker - INFO - Добавлено 110 нажатий клавиш в активность
2025-05-11 14:08:09,780 - TimeTracker - INFO - Завершена сессия активности: App='Cursor.exe', Title='main.py - Tracker33 - Cursor, Duration=30s. В очереди: 1
2025-05-11 14:08:09,781 - TimeTracker - INFO - Начата новая сессия активности: App='TimeTracker.exe', Title='Time Tracker PRO'
2025-05-11 14:08:10,783 - TimeTracker - INFO - Добавлено 2 нажатий клавиш в активность
2025-05-11 14:08:10,783 - TimeTracker - INFO - Завершена сессия активности: App='TimeTracker.exe', Title='Time Tracker PRO, Duration=1s. В очереди: 2
2025-05-11 14:08:10,786 - TimeTracker - INFO - Начата новая сессия активности: App='Cursor.exe', Title='main.py - Tracker33 - Cursor'
2025-05-11 14:08:12,418 - TimeTracker - INFO - Вычисленная длительность: 30.013687 секунд
2025-05-11 14:08:12,418 - TimeTracker - INFO - Для приложения Cursor.exe выбран ID=156
2025-05-11 14:08:12,418 - TimeTracker - INFO - Отправка активности: start_time=2025-05-11T11:07:39.767129Z, end_time=2025-05-11T11:08:09.780816Z, длительность=30.013687 секунд
2025-05-11 14:08:12,418 - TimeTracker - INFO - Вычисленная длительность: 1.002016 секунд
2025-05-11 14:08:12,418 - TimeTracker - INFO - Для приложения TimeTracker.exe выбран ID=147
2025-05-11 14:08:12,418 - TimeTracker - INFO - Отправка активности: start_time=2025-05-11T11:08:09.781536Z, end_time=2025-05-11T11:08:10.783552Z, длительность=1.002016 секунд
2025-05-11 14:08:12,418 - TimeTracker - INFO - Отправка 2 записей активности на сервер.
2025-05-11 14:08:12,418 - TimeTracker - INFO - API URL: http://46.173.26.149:8000/api/activities/, Токен: eyJhbGciOi...
2025-05-11 14:08:12,418 - TimeTracker - INFO - Отправляем пайлоад: {'application': 156, 'title': 'main.py - Tracker33 - Cursor', 'start_time': '2025-05-11T11:07:39.767129Z', 'end_time': '2025-05-11T11:08:09.780816Z', 'is_productive': True, 'app_name': 'Cursor.exe', 'keyboard_presses': 110}
2025-05-11 14:08:12,508 - TimeTracker - INFO - Успешно отправлено: 201 - {"id":1712,"user":5,"application":157,"start_time":"2025-05-11T14:07:39.767129+03:00","end_time":"2025-05-11T14:08:09.780816+03:00","duration":"00:00:30.013687","keyboard_presses":110}
2025-05-11 14:08:12,508 - TimeTracker - INFO - Отправляем пайлоад: {'application': 147, 'title': 'Time Tracker PRO', 'start_time': '2025-05-11T11:08:09.781536Z', 'end_time': '2025-05-11T11:08:10.783552Z', 'is_productive': False, 'app_name': 'TimeTracker.exe', 'keyboard_presses': 2}
2025-05-11 14:08:12,602 - TimeTracker - INFO - Успешно отправлено: 201 - {"id":1713,"user":5,"application":149,"start_time":"2025-05-11T14:08:09.781536+03:00","end_time":"2025-05-11T14:08:10.783552+03:00","duration":"00:00:01.002016","keyboard_presses":2}
2025-05-11 14:08:12,602 - TimeTracker - INFO - Успешно отправлено 2 записей активности.
2025-05-11 14:08:14,936 - TimeTracker - INFO - Обновлен список приложений: 114 процессов
2025-05-11 14:08:16,790 - TimeTracker - INFO - Добавлено 31 нажатий клавиш в активность
2025-05-11 14:08:16,790 - TimeTracker - INFO - Завершена сессия активности: App='Cursor.exe', Title='main.py - Tracker33 - Cursor, Duration=6s. В очереди: 1
2025-05-11 14:08:16,791 - TimeTracker - INFO - Начата новая сессия активности: App='TimeTracker.exe', Title='Time Tracker PRO'
2025-05-11 14:08:22,423 - TimeTracker - INFO - Вычисленная длительность: 6.004045 секунд
2025-05-11 14:08:22,423 - TimeTracker - INFO - Для приложения Cursor.exe выбран ID=156
2025-05-11 14:08:22,424 - TimeTracker - INFO - Отправка активности: start_time=2025-05-11T11:08:10.786178Z, end_time=2025-05-11T11:08:16.790223Z, длительность=6.004045 секунд
2025-05-11 14:08:22,424 - TimeTracker - INFO - Отправка 1 записей активности на сервер.
2025-05-11 14:08:22,424 - TimeTracker - INFO - API URL: http://46.173.26.149:8000/api/activities/, Токен: eyJhbGciOi...
2025-05-11 14:08:22,424 - TimeTracker - INFO - Отправляем пайлоад: {'application': 156, 'title': 'main.py - Tracker33 - Cursor', 'start_time': '2025-05-11T11:08:10.786178Z', 'end_time': '2025-05-11T11:08:16.790223Z', 'is_productive': True, 'app_name': 'Cursor.exe', 'keyboard_presses': 31}
2025-05-11 14:08:22,513 - TimeTracker - INFO - Успешно отправлено: 201 - {"id":1714,"user":5,"application":157,"start_time":"2025-05-11T14:08:10.786178+03:00","end_time":"2025-05-11T14:08:16.790223+03:00","duration":"00:00:06.004045","keyboard_presses":31}
2025-05-11 14:08:22,513 - TimeTracker - INFO - Успешно отправлено 1 записей активности.
2025-05-11 14:08:23,796 - TimeTracker - INFO - Добавлено 2 нажатий клавиш в активность
2025-05-11 14:08:23,796 - TimeTracker - INFO - Завершена сессия активности: App='TimeTracker.exe', Title='Time Tracker PRO, Duration=7s. В очереди: 1
2025-05-11 14:08:23,797 - TimeTracker - INFO - Начата новая сессия активности: App='Cursor.exe', Title='main.py - Tracker33 - Cursor'
2025-05-11 14:08:24,916 - TimeTracker - INFO - Проверка соединения: успешно
2025-05-11 14:08:24,926 - TimeTracker - INFO - Обновлен список приложений: 113 процессов
2025-05-11 14:08:28,800 - TimeTracker - INFO - Добавлено 27 нажатий клавиш в активность
2025-05-11 14:08:28,800 - TimeTracker - INFO - Завершена сессия активности: App='Cursor.exe', Title='main.py - Tracker33 - Cursor, Duration=5s. В очереди: 2
2025-05-11 14:08:28,801 - TimeTracker - INFO - Начата новая сессия активности: App='TimeTracker.exe', Title='Time Tracker PRO'
2025-05-11 14:08:31,803 - TimeTracker - INFO - Добавлено 3 нажатий клавиш в активность
2025-05-11 14:08:31,804 - TimeTracker - INFO - Завершена сессия активности: App='TimeTracker.exe', Title='Time Tracker PRO, Duration=3s. В очереди: 3
2025-05-11 14:08:31,805 - TimeTracker - INFO - Начата новая сессия активности: App='Cursor.exe', Title='main.py - Tracker33 - Cursor'
2025-05-11 14:08:32,427 - TimeTracker - INFO - Вычисленная длительность: 7.005024 секунд
2025-05-11 14:08:32,427 - TimeTracker - INFO - Для приложения TimeTracker.exe выбран ID=147
2025-05-11 14:08:32,427 - TimeTracker - INFO - Отправка активности: start_time=2025-05-11T11:08:16.791348Z, end_time=2025-05-11T11:08:23.796372Z, длительность=7.005024 секунд
2025-05-11 14:08:32,427 - TimeTracker - INFO - Вычисленная длительность: 5.003362 секунд
2025-05-11 14:08:32,427 - TimeTracker - INFO - Для приложения Cursor.exe выбран ID=156
2025-05-11 14:08:32,427 - TimeTracker - INFO - Отправка активности: start_time=2025-05-11T11:08:23.797167Z, end_time=2025-05-11T11:08:28.800529Z, длительность=5.003362 секунд
2025-05-11 14:08:32,428 - TimeTracker - INFO - Вычисленная длительность: 3.00267 секунд
2025-05-11 14:08:32,428 - TimeTracker - INFO - Для приложения TimeTracker.exe выбран ID=147
2025-05-11 14:08:32,428 - TimeTracker - INFO - Отправка активности: start_time=2025-05-11T11:08:28.801346Z, end_time=2025-05-11T11:08:31.804016Z, длительность=3.00267 секунд
2025-05-11 14:08:32,428 - TimeTracker - INFO - Отправка 3 записей активности на сервер.
2025-05-11 14:08:32,428 - TimeTracker - INFO - API URL: http://46.173.26.149:8000/api/activities/, Токен: eyJhbGciOi...
2025-05-11 14:08:32,428 - TimeTracker - INFO - Отправляем пайлоад: {'application': 147, 'title': 'Time Tracker PRO', 'start_time': '2025-05-11T11:08:16.791348Z', 'end_time': '2025-05-11T11:08:23.796372Z', 'is_productive': False, 'app_name': 'TimeTracker.exe', 'keyboard_presses': 2}
2025-05-11 14:08:32,548 - TimeTracker - INFO - Успешно отправлено: 201 - {"id":1715,"user":5,"application":149,"start_time":"2025-05-11T14:08:16.791348+03:00","end_time":"2025-05-11T14:08:23.796372+03:00","duration":"00:00:07.005024","keyboard_presses":2}
2025-05-11 14:08:32,548 - TimeTracker - INFO - Отправляем пайлоад: {'application': 156, 'title': 'main.py - Tracker33 - Cursor', 'start_time': '2025-05-11T11:08:23.797167Z', 'end_time': '2025-05-11T11:08:28.800529Z', 'is_productive': True, 'app_name': 'Cursor.exe', 'keyboard_presses': 27}
2025-05-11 14:08:32,641 - TimeTracker - INFO - Успешно отправлено: 201 - {"id":1716,"user":5,"application":157,"start_time":"2025-05-11T14:08:23.797167+03:00","end_time":"2025-05-11T14:08:28.800529+03:00","duration":"00:00:05.003362","keyboard_presses":27}
2025-05-11 14:08:32,641 - TimeTracker - INFO - Отправляем пайлоад: {'application': 147, 'title': 'Time Tracker PRO', 'start_time': '2025-05-11T11:08:28.801346Z', 'end_time': '2025-05-11T11:08:31.804016Z', 'is_productive': False, 'app_name': 'TimeTracker.exe', 'keyboard_presses': 3}
2025-05-11 14:08:32,735 - TimeTracker - INFO - Успешно отправлено: 201 - {"id":1717,"user":5,"application":149,"start_time":"2025-05-11T14:08:28.801346+03:00","end_time":"2025-05-11T14:08:31.804016+03:00","duration":"00:00:03.002670","keyboard_presses":3}
2025-05-11 14:08:32,736 - TimeTracker - INFO - Успешно отправлено 3 записей активности.
2025-05-11 14:08:34,937 - TimeTracker - INFO - Обновлен список приложений: 112 процессов
2025-05-11 14:08:44,932 - TimeTracker - INFO - Обновлен список приложений: 112 процессов
2025-05-11 14:08:54,911 - TimeTracker - INFO - Проверка соединения: успешно
2025-05-11 14:08:54,925 - TimeTracker - INFO - Обновлен список приложений: 112 процессов
2025-05-11 14:09:04,933 - TimeTracker - INFO - Обновлен список приложений: 112 процессов
2025-05-11 14:09:14,952 - TimeTracker - INFO - Обновлен список приложений: 112 процессов
2025-05-11 14:09:24,957 - TimeTracker - INFO - Проверка соединения: успешно
2025-05-11 14:09:24,967 - TimeTracker - INFO - Обновлен список приложений: 112 процессов
2025-05-11 14:09:34,947 - TimeTracker - INFO - Обновлен список приложений: 112 процессов
2025-05-11 14:09:44,947 - TimeTracker - INFO - Обновлен список приложений: 112 процессов
2025-05-11 14:09:54,911 - TimeTracker - INFO - Проверка соединения: успешно
2025-05-11 14:09:54,945 - TimeTracker - INFO - Обновлен список приложений: 113 процессов
2025-05-11 14:10:04,959 - TimeTracker - INFO - Обновлен список приложений: 114 процессов
2025-05-11 14:10:14,946 - TimeTracker - INFO - Обновлен список приложений: 115 процессов
2025-05-11 14:10:24,960 - TimeTracker - INFO - Проверка соединения: успешно
2025-05-11 14:10:24,971 - TimeTracker - INFO - Обновлен список приложений: 115 процессов
2025-05-11 14:10:34,944 - TimeTracker - INFO - Обновлен список приложений: 113 процессов
2025-05-11 14:10:44,946 - TimeTracker - INFO - Обновлен список приложений: 113 процессов
2025-05-11 14:10:54,927 - TimeTracker - INFO - Проверка соединения: успешно
2025-05-11 14:10:54,957 - TimeTracker - INFO - Обновлен список приложений: 113 процессов
2025-05-11 14:11:04,972 - TimeTracker - INFO - Обновлен список приложений: 114 процессов
2025-05-11 14:11:14,960 - TimeTracker - INFO - Обновлен список приложений: 114 процессов
2025-05-11 14:11:18,877 - TimeTracker - INFO - Добавлено 165 нажатий клавиш в активность
2025-05-11 14:11:18,877 - TimeTracker - INFO - Завершена сессия активности: App='Cursor.exe', Title='main.py - Tracker33 - Cursor, Duration=167s. В очереди: 1
2025-05-11 14:11:18,878 - TimeTracker - INFO - Начата новая сессия активности: App='TimeTracker_fixed_final.exe', Title='Ошибка в приложении'
2025-05-11 14:11:22,431 - TimeTracker - INFO - Вычисленная длительность: 167.072176 секунд
2025-05-11 14:11:22,431 - TimeTracker - INFO - Для приложения Cursor.exe выбран ID=156
2025-05-11 14:11:22,431 - TimeTracker - INFO - Отправка активности: start_time=2025-05-11T11:08:31.805167Z, end_time=2025-05-11T11:11:18.877343Z, длительность=167.072176 секунд
2025-05-11 14:11:22,431 - TimeTracker - INFO - Отправка 1 записей активности на сервер.
2025-05-11 14:11:22,431 - TimeTracker - INFO - API URL: http://46.173.26.149:8000/api/activities/, Токен: eyJhbGciOi...
2025-05-11 14:11:22,431 - TimeTracker - INFO - Отправляем пайлоад: {'application': 156, 'title': 'main.py - Tracker33 - Cursor', 'start_time': '2025-05-11T11:08:31.805167Z', 'end_time': '2025-05-11T11:11:18.877343Z', 'is_productive': True, 'app_name': 'Cursor.exe', 'keyboard_presses': 165}
2025-05-11 14:11:22,537 - TimeTracker - INFO - Успешно отправлено: 201 - {"id":1718,"user":5,"application":157,"start_time":"2025-05-11T14:08:31.805167+03:00","end_time":"2025-05-11T14:11:18.877343+03:00","duration":"00:02:47.072176","keyboard_presses":165}
2025-05-11 14:11:22,537 - TimeTracker - INFO - Успешно отправлено 1 записей активности.
2025-05-11 14:11:22,881 - TimeTracker - INFO - Добавлено 0 нажатий клавиш в активность
2025-05-11 14:11:22,882 - TimeTracker - INFO - Завершена сессия активности: App='TimeTracker_fixed_final.exe', Title='Ошибка в приложении, Duration=4s. В очереди: 1
2025-05-11 14:11:22,883 - TimeTracker - INFO - Начата новая сессия активности: App='Cursor.exe', Title='main.py - Tracker33 - Cursor'
2025-05-11 14:11:24,885 - TimeTracker - INFO - Добавлено 0 нажатий клавиш в активность
2025-05-11 14:11:24,885 - TimeTracker - INFO - Завершена сессия активности: App='Cursor.exe', Title='main.py - Tracker33 - Cursor, Duration=2s. В очереди: 2
2025-05-11 14:11:24,928 - TimeTracker - INFO - Проверка соединения: успешно
2025-05-11 14:11:24,967 - TimeTracker - INFO - Обновлен список приложений: 114 процессов
2025-05-11 14:11:25,887 - TimeTracker - INFO - Начата новая сессия активности: App='TimeTracker.exe', Title='Выход'
2025-05-11 14:11:26,012 - TimeTracker - INFO - Keyboard listener остановлен
2025-05-11 14:11:26,012 - TimeTracker - INFO - Mouse listener остановлен
2025-05-11 14:11:26,012 - TimeTracker - INFO - Приложение завершает работу корректно.
2025-05-11 14:19:48,232 - TimeTracker - INFO - Конфигурация успешно загружена из C:\Users\mihai\AppData\Local\Temp\_MEI332482\config.ini
2025-05-11 14:19:48,233 - TimeTracker - INFO - Загружено 10 отслеживаемых приложений.
2025-05-11 14:19:48,233 - TimeTracker - INFO - Конфигурация успешно сохранена в C:\Users\mihai\AppData\Local\Temp\_MEI332482\config.ini
2025-05-11 14:19:48,481 - TimeTracker - WARNING - API клиент не инициализирован, синхронизация не выполнена
2025-05-11 14:19:48,859 - TimeTracker - INFO - Обновлен список приложений: 114 процессов
2025-05-11 14:19:48,886 - TimeTracker - INFO - Запущен поток отслеживания активности
2025-05-11 14:19:49,887 - TimeTracker - INFO - Отслеживание активности запущено
2025-05-11 14:19:49,887 - TimeTracker - INFO - Начата новая сессия активности: App='TimeTracker.exe', Title='Time Tracker PRO'
2025-05-11 14:19:58,583 - TimeTracker - INFO - Обновлен список приложений: 114 процессов
2025-05-11 14:20:08,592 - TimeTracker - INFO - Обновлен список приложений: 114 процессов
2025-05-11 14:20:18,290 - TimeTracker - INFO - Проверка соединения: успешно
2025-05-11 14:20:18,631 - TimeTracker - INFO - Обновлен список приложений: 114 процессов
2025-05-11 14:20:28,246 - TimeTracker - WARNING - API клиент не инициализирован, синхронизация не выполнена
2025-05-11 14:20:28,579 - TimeTracker - INFO - Обновлен список приложений: 113 процессов
2025-05-11 14:20:31,907 - TimeTracker - INFO - Добавлено 0 нажатий клавиш в активность
2025-05-11 14:20:31,907 - TimeTracker - INFO - Завершена сессия активности: App='TimeTracker.exe', Title='Time Tracker PRO, Duration=42s. В очереди: 1
2025-05-11 14:20:34,112 - TimeTracker - INFO - Открываем веб-интерфейс: http://46.173.26.149:8000/dashboard/
2025-05-11 14:20:34,910 - TimeTracker - INFO - Начата новая сессия активности: App='chrome.exe', Title='Главная - Time Tracker - Googl...'
2025-05-11 14:20:38,263 - TimeTracker - INFO - Вычисленная длительность: 42.020298 секунд
2025-05-11 14:20:38,263 - TimeTracker - INFO - Отправляем запрос на создание приложения: http://46.173.26.149:8000/api/applications/
2025-05-11 14:20:38,351 - TimeTracker - WARNING - Не удалось создать приложение TimeTracker.exe, используем ID по умолчанию
2025-05-11 14:20:38,351 - TimeTracker - INFO - Для приложения TimeTracker.exe выбран ID=1
2025-05-11 14:20:38,351 - TimeTracker - INFO - Отправка активности: start_time=2025-05-11T11:19:49.887197Z, end_time=2025-05-11T11:20:31.907495Z, длительность=42.020298 секунд
2025-05-11 14:20:38,351 - TimeTracker - INFO - Отправка 1 записей активности на сервер.
2025-05-11 14:20:38,352 - TimeTracker - INFO - API URL: http://46.173.26.149:8000/api/activities/, Токен: eyJhbGciOi...
2025-05-11 14:20:38,352 - TimeTracker - INFO - Отправляем пайлоад: {'application': 1, 'title': 'Time Tracker PRO', 'start_time': '2025-05-11T11:19:49.887197Z', 'end_time': '2025-05-11T11:20:31.907495Z', 'is_productive': False, 'app_name': 'TimeTracker.exe', 'keyboard_presses': 0}
2025-05-11 14:20:38,429 - TimeTracker - ERROR - Ошибка авторизации: 401 - {"status":"error","code":401,"detail":{"detail":"Данный токен недействителен для любого типа токена","code":"token_not_valid","messages":[{"token_class":"AccessToken","token_type":"access","message":"Токен недействителен или просрочен"}]}}
2025-05-11 14:20:38,429 - TimeTracker - INFO - Конфигурация успешно сохранена в C:\Users\mihai\AppData\Local\Temp\_MEI332482\config.ini
2025-05-11 14:20:38,429 - TimeTracker - INFO - Требуется повторная авторизация. Запрашиваем новый токен...
2025-05-11 14:20:38,430 - TimeTracker - INFO - Токен отсутствует или недействителен, вызывается диалог входа.
2025-05-11 14:20:38,900 - TimeTracker - INFO - Обновлен список приложений: 113 процессов
2025-05-11 14:20:38,912 - TimeTracker - INFO - Добавлено 0 нажатий клавиш в активность
2025-05-11 14:20:38,912 - TimeTracker - INFO - Завершена сессия активности: App='chrome.exe', Title='Главная - Time Tracker - Googl..., Duration=4s. В очереди: 1
2025-05-11 14:20:38,914 - TimeTracker - INFO - Начата новая сессия активности: App='chrome.exe', Title='Статистика - Time Tracker - Go...'
2025-05-11 14:20:40,917 - TimeTracker - INFO - Добавлено 0 нажатий клавиш в активность
2025-05-11 14:20:40,917 - TimeTracker - INFO - Завершена сессия активности: App='chrome.exe', Title='Статистика - Time Tracker - Go..., Duration=2s. В очереди: 2
2025-05-11 14:20:40,919 - TimeTracker - INFO - Начата новая сессия активности: App='chrome.exe', Title='Главная - Time Tracker - Googl...'
2025-05-11 14:20:41,922 - TimeTracker - INFO - Добавлено 0 нажатий клавиш в активность
2025-05-11 14:20:41,922 - TimeTracker - INFO - Завершена сессия активности: App='chrome.exe', Title='Главная - Time Tracker - Googl..., Duration=1s. В очереди: 3
2025-05-11 14:20:41,925 - TimeTracker - INFO - Начата новая сессия активности: App='chrome.exe', Title='Tracker33 - Google Chrome'
2025-05-11 14:20:44,928 - TimeTracker - INFO - Добавлено 4 нажатий клавиш в активность
2025-05-11 14:20:44,928 - TimeTracker - INFO - Завершена сессия активности: App='chrome.exe', Title='Tracker33 - Google Chrome, Duration=3s. В очереди: 4
2025-05-11 14:20:44,929 - TimeTracker - INFO - Начата новая сессия активности: App='TimeTracker.exe', Title='Авторизация'
2025-05-11 14:20:48,231 - TimeTracker - WARNING - Диалог авторизации уже активен, пропускаем повторный вызов
2025-05-11 14:20:48,630 - TimeTracker - INFO - Обновлен список приложений: 113 процессов
2025-05-11 14:20:50,402 - TimeTracker - INFO - Авторизация по URL: http://46.173.26.149:8000/api/token/
2025-05-11 14:20:50,819 - TimeTracker - INFO - Токен после логина: eyJhbGciOiJIUzI1NiIs... действителен до 2025-05-11 15:20:56
2025-05-11 14:20:50,820 - TimeTracker - INFO - Конфигурация успешно сохранена в C:\Users\mihai\AppData\Local\Temp\_MEI332482\config.ini
2025-05-11 14:20:50,820 - TimeTracker - INFO - Токен авторизации успешно сохранен в конфигурации.
2025-05-11 14:20:50,824 - TimeTracker - INFO - Вход выполнен успешно через диалог.
2025-05-11 14:20:50,933 - TimeTracker - INFO - Добавлено 16 нажатий клавиш в активность
2025-05-11 14:20:50,933 - TimeTracker - INFO - Завершена сессия активности: App='TimeTracker.exe', Title='Авторизация, Duration=6s. В очереди: 6
2025-05-11 14:20:50,934 - TimeTracker - INFO - Начата новая сессия активности: App='TimeTracker.exe', Title='Time Tracker PRO'
2025-05-11 14:20:52,936 - TimeTracker - INFO - Добавлено 0 нажатий клавиш в активность
2025-05-11 14:20:52,936 - TimeTracker - INFO - Завершена сессия активности: App='TimeTracker.exe', Title='Time Tracker PRO, Duration=2s. В очереди: 7
2025-05-11 14:20:52,938 - TimeTracker - INFO - Начата новая сессия активности: App='chrome.exe', Title='Tracker33 - Google Chrome'
2025-05-11 14:20:53,940 - TimeTracker - INFO - Добавлено 0 нажатий клавиш в активность
2025-05-11 14:20:53,940 - TimeTracker - INFO - Завершена сессия активности: App='chrome.exe', Title='Tracker33 - Google Chrome, Duration=1s. В очереди: 8
2025-05-11 14:20:53,942 - TimeTracker - INFO - Начата новая сессия активности: App='chrome.exe', Title='Главная - Time Tracker - Googl...'
2025-05-11 14:20:55,943 - TimeTracker - INFO - Добавлено 0 нажатий клавиш в активность
2025-05-11 14:20:55,944 - TimeTracker - INFO - Завершена сессия активности: App='chrome.exe', Title='Главная - Time Tracker - Googl..., Duration=2s. В очереди: 9
2025-05-11 14:20:55,945 - TimeTracker - INFO - Начата новая сессия активности: App='chrome.exe', Title='Статистика - Time Tracker - Go...'
2025-05-11 14:20:56,946 - TimeTracker - INFO - Добавлено 0 нажатий клавиш в активность
2025-05-11 14:20:56,946 - TimeTracker - INFO - Завершена сессия активности: App='chrome.exe', Title='Статистика - Time Tracker - Go..., Duration=1s. В очереди: 10
2025-05-11 14:20:56,949 - TimeTracker - INFO - Начата новая сессия активности: App='chrome.exe', Title='Главная - Time Tracker - Googl...'
2025-05-11 14:20:58,277 - TimeTracker - WARNING - API клиент не инициализирован, синхронизация не выполнена
2025-05-11 14:20:58,908 - TimeTracker - INFO - Обновлен список приложений: 113 процессов
2025-05-11 14:21:00,830 - TimeTracker - INFO - Вычисленная длительность: 4.002686 секунд
2025-05-11 14:21:00,830 - TimeTracker - INFO - Отправляем запрос на создание приложения: http://46.173.26.149:8000/api/applications/
2025-05-11 14:21:00,951 - TimeTracker - INFO - Создано новое приложение: chrome.exe с ID=120
2025-05-11 14:21:00,952 - TimeTracker - INFO - Для приложения chrome.exe выбран ID=120
2025-05-11 14:21:00,952 - TimeTracker - INFO - Отправка активности: start_time=2025-05-11T11:20:34.910168Z, end_time=2025-05-11T11:20:38.912854Z, длительность=4.002686 секунд
2025-05-11 14:21:00,952 - TimeTracker - INFO - Вычисленная длительность: 2.003333 секунд
2025-05-11 14:21:00,952 - TimeTracker - INFO - Для приложения chrome.exe выбран ID=120
2025-05-11 14:21:00,952 - TimeTracker - INFO - Отправка активности: start_time=2025-05-11T11:20:38.914107Z, end_time=2025-05-11T11:20:40.917440Z, длительность=2.003333 секунд
2025-05-11 14:21:00,952 - TimeTracker - INFO - Вычисленная длительность: 1.003306 секунд
2025-05-11 14:21:00,952 - TimeTracker - INFO - Для приложения chrome.exe выбран ID=120
2025-05-11 14:21:00,952 - TimeTracker - INFO - Отправка активности: start_time=2025-05-11T11:20:40.918861Z, end_time=2025-05-11T11:20:41.922167Z, длительность=1.003306 секунд
2025-05-11 14:21:00,952 - TimeTracker - INFO - Вычисленная длительность: 3.004483 секунд
2025-05-11 14:21:00,952 - TimeTracker - INFO - Для приложения chrome.exe выбран ID=120
2025-05-11 14:21:00,953 - TimeTracker - INFO - Отправка активности: start_time=2025-05-11T11:20:41.923818Z, end_time=2025-05-11T11:20:44.928301Z, длительность=3.004483 секунд
2025-05-11 14:21:00,953 - TimeTracker - INFO - Вычисленная длительность: 42.020298 секунд
2025-05-11 14:21:00,953 - TimeTracker - INFO - Отправляем запрос на создание приложения: http://46.173.26.149:8000/api/applications/
2025-05-11 14:21:01,045 - TimeTracker - INFO - Создано новое приложение: TimeTracker.exe с ID=121
2025-05-11 14:21:01,046 - TimeTracker - INFO - Для приложения TimeTracker.exe выбран ID=121
2025-05-11 14:21:01,046 - TimeTracker - INFO - Отправка активности: start_time=2025-05-11T11:19:49.887197Z, end_time=2025-05-11T11:20:31.907495Z, длительность=42.020298 секунд
2025-05-11 14:21:01,046 - TimeTracker - INFO - Вычисленная длительность: 6.004581 секунд
2025-05-11 14:21:01,046 - TimeTracker - INFO - Для приложения TimeTracker.exe выбран ID=121
2025-05-11 14:21:01,046 - TimeTracker - INFO - Отправка активности: start_time=2025-05-11T11:20:44.928929Z, end_time=2025-05-11T11:20:50.933510Z, длительность=6.004581 секунд
2025-05-11 14:21:01,046 - TimeTracker - INFO - Вычисленная длительность: 2.002102 секунд
2025-05-11 14:21:01,046 - TimeTracker - INFO - Для приложения TimeTracker.exe выбран ID=121
2025-05-11 14:21:01,046 - TimeTracker - INFO - Отправка активности: start_time=2025-05-11T11:20:50.934087Z, end_time=2025-05-11T11:20:52.936189Z, длительность=2.002102 секунд
2025-05-11 14:21:01,046 - TimeTracker - INFO - Вычисленная длительность: 1.003457 секунд
2025-05-11 14:21:01,047 - TimeTracker - INFO - Для приложения chrome.exe выбран ID=120
2025-05-11 14:21:01,047 - TimeTracker - INFO - Отправка активности: start_time=2025-05-11T11:20:52.937496Z, end_time=2025-05-11T11:20:53.940953Z, длительность=1.003457 секунд
2025-05-11 14:21:01,047 - TimeTracker - INFO - Вычисленная длительность: 2.002447 секунд
2025-05-11 14:21:01,047 - TimeTracker - INFO - Для приложения chrome.exe выбран ID=120
2025-05-11 14:21:01,047 - TimeTracker - INFO - Отправка активности: start_time=2025-05-11T11:20:53.941696Z, end_time=2025-05-11T11:20:55.944143Z, длительность=2.002447 секунд
2025-05-11 14:21:01,047 - TimeTracker - INFO - Вычисленная длительность: 1.002059 секунд
2025-05-11 14:21:01,047 - TimeTracker - INFO - Для приложения chrome.exe выбран ID=120
2025-05-11 14:21:01,047 - TimeTracker - INFO - Отправка активности: start_time=2025-05-11T11:20:55.944876Z, end_time=2025-05-11T11:20:56.946935Z, длительность=1.002059 секунд
2025-05-11 14:21:01,047 - TimeTracker - INFO - Отправка 10 записей активности на сервер.
2025-05-11 14:21:01,047 - TimeTracker - INFO - API URL: http://46.173.26.149:8000/api/activities/, Токен: eyJhbGciOi...
2025-05-11 14:21:01,047 - TimeTracker - INFO - Отправляем пайлоад: {'application': 120, 'title': 'Главная - Time Tracker - Google Chrome', 'start_time': '2025-05-11T11:20:34.910168Z', 'end_time': '2025-05-11T11:20:38.912854Z', 'is_productive': False, 'app_name': 'chrome.exe', 'keyboard_presses': 0}
2025-05-11 14:21:01,139 - TimeTracker - INFO - Успешно отправлено: 201 - {"id":1625,"user":5,"application":122,"start_time":"2025-05-11T14:20:34.910168+03:00","end_time":"2025-05-11T14:20:38.912854+03:00","duration":"00:00:04.002686","keyboard_presses":0}
2025-05-11 14:21:01,139 - TimeTracker - INFO - Отправляем пайлоад: {'application': 120, 'title': 'Статистика - Time Tracker - Google Chrome', 'start_time': '2025-05-11T11:20:38.914107Z', 'end_time': '2025-05-11T11:20:40.917440Z', 'is_productive': False, 'app_name': 'chrome.exe', 'keyboard_presses': 0}
2025-05-11 14:21:01,231 - TimeTracker - INFO - Успешно отправлено: 201 - {"id":1626,"user":5,"application":122,"start_time":"2025-05-11T14:20:38.914107+03:00","end_time":"2025-05-11T14:20:40.917440+03:00","duration":"00:00:02.003333","keyboard_presses":0}
2025-05-11 14:21:01,231 - TimeTracker - INFO - Отправляем пайлоад: {'application': 120, 'title': 'Главная - Time Tracker - Google Chrome', 'start_time': '2025-05-11T11:20:40.918861Z', 'end_time': '2025-05-11T11:20:41.922167Z', 'is_productive': False, 'app_name': 'chrome.exe', 'keyboard_presses': 0}
2025-05-11 14:21:01,325 - TimeTracker - INFO - Успешно отправлено: 201 - {"id":1627,"user":5,"application":122,"start_time":"2025-05-11T14:20:40.918861+03:00","end_time":"2025-05-11T14:20:41.922167+03:00","duration":"00:00:01.003306","keyboard_presses":0}
2025-05-11 14:21:01,325 - TimeTracker - INFO - Отправляем пайлоад: {'application': 120, 'title': 'Tracker33 - Google Chrome', 'start_time': '2025-05-11T11:20:41.923818Z', 'end_time': '2025-05-11T11:20:44.928301Z', 'is_productive': False, 'app_name': 'chrome.exe', 'keyboard_presses': 4}
2025-05-11 14:21:01,433 - TimeTracker - INFO - Успешно отправлено: 201 - {"id":1628,"user":5,"application":122,"start_time":"2025-05-11T14:20:41.923818+03:00","end_time":"2025-05-11T14:20:44.928301+03:00","duration":"00:00:03.004483","keyboard_presses":4}
2025-05-11 14:21:01,433 - TimeTracker - INFO - Отправляем пайлоад: {'application': 121, 'title': 'Time Tracker PRO', 'start_time': '2025-05-11T11:19:49.887197Z', 'end_time': '2025-05-11T11:20:31.907495Z', 'is_productive': False, 'app_name': 'TimeTracker.exe', 'keyboard_presses': 0}
2025-05-11 14:21:01,528 - TimeTracker - INFO - Успешно отправлено: 201 - {"id":1629,"user":5,"application":123,"start_time":"2025-05-11T14:19:49.887197+03:00","end_time":"2025-05-11T14:20:31.907495+03:00","duration":"00:00:42.020298","keyboard_presses":0}
2025-05-11 14:21:01,528 - TimeTracker - INFO - Отправляем пайлоад: {'application': 121, 'title': 'Авторизация', 'start_time': '2025-05-11T11:20:44.928929Z', 'end_time': '2025-05-11T11:20:50.933510Z', 'is_productive': False, 'app_name': 'TimeTracker.exe', 'keyboard_presses': 16}
2025-05-11 14:21:01,653 - TimeTracker - INFO - Успешно отправлено: 201 - {"id":1630,"user":5,"application":123,"start_time":"2025-05-11T14:20:44.928929+03:00","end_time":"2025-05-11T14:20:50.933510+03:00","duration":"00:00:06.004581","keyboard_presses":16}
2025-05-11 14:21:01,653 - TimeTracker - INFO - Отправляем пайлоад: {'application': 121, 'title': 'Time Tracker PRO', 'start_time': '2025-05-11T11:20:50.934087Z', 'end_time': '2025-05-11T11:20:52.936189Z', 'is_productive': False, 'app_name': 'TimeTracker.exe', 'keyboard_presses': 0}
2025-05-11 14:21:01,762 - TimeTracker - INFO - Успешно отправлено: 201 - {"id":1631,"user":5,"application":123,"start_time":"2025-05-11T14:20:50.934087+03:00","end_time":"2025-05-11T14:20:52.936189+03:00","duration":"00:00:02.002102","keyboard_presses":0}
2025-05-11 14:21:01,762 - TimeTracker - INFO - Отправляем пайлоад: {'application': 120, 'title': 'Tracker33 - Google Chrome', 'start_time': '2025-05-11T11:20:52.937496Z', 'end_time': '2025-05-11T11:20:53.940953Z', 'is_productive': False, 'app_name': 'chrome.exe', 'keyboard_presses': 0}
2025-05-11 14:21:01,871 - TimeTracker - INFO - Успешно отправлено: 201 - {"id":1632,"user":5,"application":122,"start_time":"2025-05-11T14:20:52.937496+03:00","end_time":"2025-05-11T14:20:53.940953+03:00","duration":"00:00:01.003457","keyboard_presses":0}
2025-05-11 14:21:01,871 - TimeTracker - INFO - Отправляем пайлоад: {'application': 120, 'title': 'Главная - Time Tracker - Google Chrome', 'start_time': '2025-05-11T11:20:53.941696Z', 'end_time': '2025-05-11T11:20:55.944143Z', 'is_productive': False, 'app_name': 'chrome.exe', 'keyboard_presses': 0}
2025-05-11 14:21:01,954 - TimeTracker - INFO - Добавлено 0 нажатий клавиш в активность
2025-05-11 14:21:01,954 - TimeTracker - INFO - Завершена сессия активности: App='chrome.exe', Title='Главная - Time Tracker - Googl..., Duration=5s. В очереди: 1
2025-05-11 14:21:01,956 - TimeTracker - INFO - Начата новая сессия активности: App='chrome.exe', Title='Статистика - Time Tracker - Go...'
2025-05-11 14:21:01,964 - TimeTracker - INFO - Успешно отправлено: 201 - {"id":1633,"user":5,"application":122,"start_time":"2025-05-11T14:20:53.941696+03:00","end_time":"2025-05-11T14:20:55.944143+03:00","duration":"00:00:02.002447","keyboard_presses":0}
2025-05-11 14:21:01,964 - TimeTracker - INFO - Отправляем пайлоад: {'application': 120, 'title': 'Статистика - Time Tracker - Google Chrome', 'start_time': '2025-05-11T11:20:55.944876Z', 'end_time': '2025-05-11T11:20:56.946935Z', 'is_productive': False, 'app_name': 'chrome.exe', 'keyboard_presses': 0}
2025-05-11 14:21:02,058 - TimeTracker - INFO - Успешно отправлено: 201 - {"id":1634,"user":5,"application":122,"start_time":"2025-05-11T14:20:55.944876+03:00","end_time":"2025-05-11T14:20:56.946935+03:00","duration":"00:00:01.002059","keyboard_presses":0}
2025-05-11 14:21:02,058 - TimeTracker - INFO - Успешно отправлено 10 записей активности.
2025-05-11 14:21:03,957 - TimeTracker - INFO - Добавлено 0 нажатий клавиш в активность
2025-05-11 14:21:03,957 - TimeTracker - INFO - Завершена сессия активности: App='chrome.exe', Title='Статистика - Time Tracker - Go..., Duration=2s. В очереди: 2
2025-05-11 14:21:03,958 - TimeTracker - INFO - Начата новая сессия активности: App='chrome.exe', Title='Логи - Time Tracker - Google C...'
2025-05-11 14:21:04,960 - TimeTracker - INFO - Добавлено 0 нажатий клавиш в активность
2025-05-11 14:21:04,960 - TimeTracker - INFO - Завершена сессия активности: App='chrome.exe', Title='Логи - Time Tracker - Google C..., Duration=1s. В очереди: 3
2025-05-11 14:21:04,961 - TimeTracker - INFO - Начата новая сессия активности: App='chrome.exe', Title='Статистика - Time Tracker - Go...'
2025-05-11 14:21:05,963 - TimeTracker - INFO - Добавлено 0 нажатий клавиш в активность
2025-05-11 14:21:05,963 - TimeTracker - INFO - Завершена сессия активности: App='chrome.exe', Title='Статистика - Time Tracker - Go..., Duration=1s. В очереди: 4
2025-05-11 14:21:05,964 - TimeTracker - INFO - Начата новая сессия активности: App='chrome.exe', Title='Главная - Time Tracker - Googl...'
2025-05-11 14:21:07,966 - TimeTracker - INFO - Добавлено 0 нажатий клавиш в активность
2025-05-11 14:21:07,967 - TimeTracker - INFO - Завершена сессия активности: App='chrome.exe', Title='Главная - Time Tracker - Googl..., Duration=2s. В очереди: 5
2025-05-11 14:21:07,968 - TimeTracker - INFO - Начата новая сессия активности: App='chrome.exe', Title='Статистика - Time Tracker - Go...'
2025-05-11 14:21:08,805 - TimeTracker - INFO - Обновлен список приложений: 113 процессов
2025-05-11 14:21:10,828 - TimeTracker - INFO - Вычисленная длительность: 5.006251 секунд
2025-05-11 14:21:10,828 - TimeTracker - INFO - Для приложения chrome.exe выбран ID=120
2025-05-11 14:21:10,828 - TimeTracker - INFO - Отправка активности: start_time=2025-05-11T11:20:56.948418Z, end_time=2025-05-11T11:21:01.954669Z, длительность=5.006251 секунд
2025-05-11 14:21:10,828 - TimeTracker - INFO - Вычисленная длительность: 2.001593 секунд
2025-05-11 14:21:10,828 - TimeTracker - INFO - Для приложения chrome.exe выбран ID=120
2025-05-11 14:21:10,828 - TimeTracker - INFO - Отправка активности: start_time=2025-05-11T11:21:01.955731Z, end_time=2025-05-11T11:21:03.957324Z, длительность=2.001593 секунд
2025-05-11 14:21:10,828 - TimeTracker - INFO - Вычисленная длительность: 1.002105 секунд
2025-05-11 14:21:10,828 - TimeTracker - INFO - Для приложения chrome.exe выбран ID=120
2025-05-11 14:21:10,829 - TimeTracker - INFO - Отправка активности: start_time=2025-05-11T11:21:03.958164Z, end_time=2025-05-11T11:21:04.960269Z, длительность=1.002105 секунд
2025-05-11 14:21:10,829 - TimeTracker - INFO - Вычисленная длительность: 1.00235 секунд
2025-05-11 14:21:10,829 - TimeTracker - INFO - Для приложения chrome.exe выбран ID=120
2025-05-11 14:21:10,829 - TimeTracker - INFO - Отправка активности: start_time=2025-05-11T11:21:04.961086Z, end_time=2025-05-11T11:21:05.963436Z, длительность=1.00235 секунд
2025-05-11 14:21:10,829 - TimeTracker - INFO - Вычисленная длительность: 2.002716 секунд
2025-05-11 14:21:10,829 - TimeTracker - INFO - Для приложения chrome.exe выбран ID=120
2025-05-11 14:21:10,829 - TimeTracker - INFO - Отправка активности: start_time=2025-05-11T11:21:05.964267Z, end_time=2025-05-11T11:21:07.966983Z, длительность=2.002716 секунд
2025-05-11 14:21:10,829 - TimeTracker - INFO - Отправка 5 записей активности на сервер.
2025-05-11 14:21:10,829 - TimeTracker - INFO - API URL: http://46.173.26.149:8000/api/activities/, Токен: eyJhbGciOi...
2025-05-11 14:21:10,829 - TimeTracker - INFO - Отправляем пайлоад: {'application': 120, 'title': 'Главная - Time Tracker - Google Chrome', 'start_time': '2025-05-11T11:20:56.948418Z', 'end_time': '2025-05-11T11:21:01.954669Z', 'is_productive': False, 'app_name': 'chrome.exe', 'keyboard_presses': 0}
2025-05-11 14:21:10,916 - TimeTracker - INFO - Успешно отправлено: 201 - {"id":1635,"user":5,"application":122,"start_time":"2025-05-11T14:20:56.948418+03:00","end_time":"2025-05-11T14:21:01.954669+03:00","duration":"00:00:05.006251","keyboard_presses":0}
2025-05-11 14:21:10,916 - TimeTracker - INFO - Отправляем пайлоад: {'application': 120, 'title': 'Статистика - Time Tracker - Google Chrome', 'start_time': '2025-05-11T11:21:01.955731Z', 'end_time': '2025-05-11T11:21:03.957324Z', 'is_productive': False, 'app_name': 'chrome.exe', 'keyboard_presses': 0}
2025-05-11 14:21:11,009 - TimeTracker - INFO - Успешно отправлено: 201 - {"id":1636,"user":5,"application":122,"start_time":"2025-05-11T14:21:01.955731+03:00","end_time":"2025-05-11T14:21:03.957324+03:00","duration":"00:00:02.001593","keyboard_presses":0}
2025-05-11 14:21:11,009 - TimeTracker - INFO - Отправляем пайлоад: {'application': 120, 'title': 'Логи - Time Tracker - Google Chrome', 'start_time': '2025-05-11T11:21:03.958164Z', 'end_time': '2025-05-11T11:21:04.960269Z', 'is_productive': False, 'app_name': 'chrome.exe', 'keyboard_presses': 0}
2025-05-11 14:21:11,103 - TimeTracker - INFO - Успешно отправлено: 201 - {"id":1637,"user":5,"application":122,"start_time":"2025-05-11T14:21:03.958164+03:00","end_time":"2025-05-11T14:21:04.960269+03:00","duration":"00:00:01.002105","keyboard_presses":0}
2025-05-11 14:21:11,104 - TimeTracker - INFO - Отправляем пайлоад: {'application': 120, 'title': 'Статистика - Time Tracker - Google Chrome', 'start_time': '2025-05-11T11:21:04.961086Z', 'end_time': '2025-05-11T11:21:05.963436Z', 'is_productive': False, 'app_name': 'chrome.exe', 'keyboard_presses': 0}
2025-05-11 14:21:11,182 - TimeTracker - INFO - Успешно отправлено: 201 - {"id":1638,"user":5,"application":122,"start_time":"2025-05-11T14:21:04.961086+03:00","end_time":"2025-05-11T14:21:05.963436+03:00","duration":"00:00:01.002350","keyboard_presses":0}
2025-05-11 14:21:11,182 - TimeTracker - INFO - Отправляем пайлоад: {'application': 120, 'title': 'Главная - Time Tracker - Google Chrome', 'start_time': '2025-05-11T11:21:05.964267Z', 'end_time': '2025-05-11T11:21:07.966983Z', 'is_productive': False, 'app_name': 'chrome.exe', 'keyboard_presses': 0}
2025-05-11 14:21:11,290 - TimeTracker - INFO - Успешно отправлено: 201 - {"id":1639,"user":5,"application":122,"start_time":"2025-05-11T14:21:05.964267+03:00","end_time":"2025-05-11T14:21:07.966983+03:00","duration":"00:00:02.002716","keyboard_presses":0}
2025-05-11 14:21:11,290 - TimeTracker - INFO - Успешно отправлено 5 записей активности.
2025-05-11 14:21:15,972 - TimeTracker - INFO - Добавлено 4 нажатий клавиш в активность
2025-05-11 14:21:15,972 - TimeTracker - INFO - Завершена сессия активности: App='chrome.exe', Title='Статистика - Time Tracker - Go..., Duration=8s. В очереди: 1
2025-05-11 14:21:17,975 - TimeTracker - INFO - Начата новая сессия активности: App='cursor.exe', Title='TimeTracker.exe - Tracker33 - ...'
2025-05-11 14:21:18,266 - TimeTracker - INFO - Проверка соединения: успешно
2025-05-11 14:21:18,866 - TimeTracker - INFO - Обновлен список приложений: 113 процессов
2025-05-11 14:21:20,825 - TimeTracker - INFO - Вычисленная длительность: 8.00463 секунд
2025-05-11 14:21:20,825 - TimeTracker - INFO - Для приложения chrome.exe выбран ID=120
2025-05-11 14:21:20,825 - TimeTracker - INFO - Отправка активности: start_time=2025-05-11T11:21:07.968152Z, end_time=2025-05-11T11:21:15.972782Z, длительность=8.00463 секунд
2025-05-11 14:21:20,826 - TimeTracker - INFO - Отправка 1 записей активности на сервер.
2025-05-11 14:21:20,826 - TimeTracker - INFO - API URL: http://46.173.26.149:8000/api/activities/, Токен: eyJhbGciOi...
2025-05-11 14:21:20,826 - TimeTracker - INFO - Отправляем пайлоад: {'application': 120, 'title': 'Статистика - Time Tracker - Google Chrome', 'start_time': '2025-05-11T11:21:07.968152Z', 'end_time': '2025-05-11T11:21:15.972782Z', 'is_productive': False, 'app_name': 'chrome.exe', 'keyboard_presses': 4}
2025-05-11 14:21:20,914 - TimeTracker - INFO - Успешно отправлено: 201 - {"id":1642,"user":5,"application":122,"start_time":"2025-05-11T14:21:07.968152+03:00","end_time":"2025-05-11T14:21:15.972782+03:00","duration":"00:00:08.004630","keyboard_presses":4}
2025-05-11 14:21:20,915 - TimeTracker - INFO - Успешно отправлено 1 записей активности.
2025-05-11 14:21:28,297 - TimeTracker - WARNING - API клиент не инициализирован, синхронизация не выполнена
2025-05-11 14:21:28,633 - TimeTracker - INFO - Обновлен список приложений: 113 процессов
2025-05-11 14:21:38,674 - TimeTracker - INFO - Обновлен список приложений: 113 процессов
2025-05-11 14:21:48,269 - TimeTracker - INFO - Проверка соединения: успешно
2025-05-11 14:21:48,688 - TimeTracker - INFO - Обновлен список приложений: 113 процессов
2025-05-11 14:21:58,330 - TimeTracker - WARNING - API клиент не инициализирован, синхронизация не выполнена
2025-05-11 14:21:58,672 - TimeTracker - INFO - Обновлен список приложений: 113 процессов
2025-05-11 14:22:08,907 - TimeTracker - INFO - Обновлен список приложений: 113 процессов
2025-05-11 14:22:18,298 - TimeTracker - INFO - Проверка соединения: успешно
2025-05-11 14:22:18,683 - TimeTracker - INFO - Обновлен список приложений: 113 процессов
2025-05-11 14:22:28,345 - TimeTracker - WARNING - API клиент не инициализирован, синхронизация не выполнена
2025-05-11 14:22:28,703 - TimeTracker - INFO - Обновлен список приложений: 113 процессов
2025-05-11 14:22:38,719 - TimeTracker - INFO - Обновлен список приложений: 114 процессов
2025-05-11 14:22:48,304 - TimeTracker - INFO - Проверка соединения: успешно
2025-05-11 14:22:48,681 - TimeTracker - INFO - Обновлен список приложений: 114 процессов
2025-05-11 14:22:58,697 - TimeTracker - INFO - Обновлен список приложений: 114 процессов
2025-05-11 14:23:08,343 - TimeTracker - WARNING - API клиент не инициализирован, синхронизация не выполнена
2025-05-11 14:23:08,699 - TimeTracker - INFO - Обновлен список приложений: 114 процессов
2025-05-11 14:23:18,314 - TimeTracker - INFO - Проверка соединения: успешно
2025-05-11 14:23:18,717 - TimeTracker - INFO - Обновлен список приложений: 114 процессов
2025-05-11 14:23:28,883 - TimeTracker - INFO - Обновлен список приложений: 114 процессов
2025-05-11 14:23:38,343 - TimeTracker - WARNING - API клиент не инициализирован, синхронизация не выполнена
2025-05-11 14:23:38,713 - TimeTracker - INFO - Обновлен список приложений: 113 процессов
2025-05-11 14:23:43,034 - TimeTracker - INFO - Добавлено 203 нажатий клавиш в активность
2025-05-11 14:23:43,035 - TimeTracker - INFO - Завершена сессия активности: App='cursor.exe', Title='TimeTracker.exe - Tracker33 - ..., Duration=145s. В очереди: 1
2025-05-11 14:23:43,036 - TimeTracker - INFO - Начата новая сессия активности: App='cursor.exe', Title='cd /c:/Users/mihai/Heist_maste...'
2025-05-11 14:23:47,038 - TimeTracker - INFO - Добавлено 0 нажатий клавиш в активность
2025-05-11 14:23:47,038 - TimeTracker - INFO - Завершена сессия активности: App='cursor.exe', Title='cd /c:/Users/mihai/Heist_maste..., Duration=4s. В очереди: 2
2025-05-11 14:23:47,040 - TimeTracker - INFO - Начата новая сессия активности: App='chrome.exe', Title='about:blank – Chromium'
2025-05-11 14:23:48,303 - TimeTracker - INFO - Проверка соединения: успешно
2025-05-11 14:23:48,767 - TimeTracker - INFO - Обновлен список приложений: 113 процессов
2025-05-11 14:23:50,042 - TimeTracker - INFO - Добавлено 0 нажатий клавиш в активность
2025-05-11 14:23:50,042 - TimeTracker - INFO - Завершена сессия активности: App='chrome.exe', Title='about:blank – Chromium, Duration=3s. В очереди: 3
2025-05-11 14:23:50,043 - TimeTracker - INFO - Начата новая сессия активности: App='chrome.exe', Title='localhost – Chromium'
2025-05-11 14:23:50,862 - TimeTracker - INFO - Вычисленная длительность: 145.060636 секунд
2025-05-11 14:23:50,863 - TimeTracker - INFO - Отправляем запрос на создание приложения: http://46.173.26.149:8000/api/applications/
2025-05-11 14:23:50,951 - TimeTracker - INFO - Создано новое приложение: cursor.exe с ID=124
2025-05-11 14:23:50,951 - TimeTracker - INFO - Для приложения cursor.exe выбран ID=124
2025-05-11 14:23:50,951 - TimeTracker - INFO - Отправка активности: start_time=2025-05-11T11:21:17.974372Z, end_time=2025-05-11T11:23:43.035008Z, длительность=145.060636 секунд
2025-05-11 14:23:50,951 - TimeTracker - INFO - Вычисленная длительность: 4.003044 секунд
2025-05-11 14:23:50,951 - TimeTracker - INFO - Для приложения cursor.exe выбран ID=124
2025-05-11 14:23:50,951 - TimeTracker - INFO - Отправка активности: start_time=2025-05-11T11:23:43.035831Z, end_time=2025-05-11T11:23:47.038875Z, длительность=4.003044 секунд
2025-05-11 14:23:50,951 - TimeTracker - INFO - Вычисленная длительность: 3.002816 секунд
2025-05-11 14:23:50,951 - TimeTracker - INFO - Для приложения chrome.exe выбран ID=120
2025-05-11 14:23:50,951 - TimeTracker - INFO - Отправка активности: start_time=2025-05-11T11:23:47.039721Z, end_time=2025-05-11T11:23:50.042537Z, длительность=3.002816 секунд
2025-05-11 14:23:50,951 - TimeTracker - INFO - Отправка 3 записей активности на сервер.
2025-05-11 14:23:50,951 - TimeTracker - INFO - API URL: http://46.173.26.149:8000/api/activities/, Токен: eyJhbGciOi...
2025-05-11 14:23:50,952 - TimeTracker - INFO - Отправляем пайлоад: {'application': 124, 'title': 'TimeTracker.exe - Tracker33 - Cursor', 'start_time': '2025-05-11T11:21:17.974372Z', 'end_time': '2025-05-11T11:23:43.035008Z', 'is_productive': True, 'app_name': 'cursor.exe', 'keyboard_presses': 203}
2025-05-11 14:23:51,060 - TimeTracker - INFO - Успешно отправлено: 201 - {"id":1648,"user":5,"application":125,"start_time":"2025-05-11T14:21:17.974372+03:00","end_time":"2025-05-11T14:23:43.035008+03:00","duration":"00:02:25.060636","keyboard_presses":203}
2025-05-11 14:23:51,061 - TimeTracker - INFO - Отправляем пайлоад: {'application': 124, 'title': 'cd /c:/Users/mihai/Heist_master_PC/Documents/GitHub/Tracker33 && python manage.py runserver - Tracker33 - Cursor', 'start_time': '2025-05-11T11:23:43.035831Z', 'end_time': '2025-05-11T11:23:47.038875Z', 'is_productive': True, 'app_name': 'cursor.exe', 'keyboard_presses': 0}
2025-05-11 14:23:51,139 - TimeTracker - INFO - Успешно отправлено: 201 - {"id":1649,"user":5,"application":125,"start_time":"2025-05-11T14:23:43.035831+03:00","end_time":"2025-05-11T14:23:47.038875+03:00","duration":"00:00:04.003044","keyboard_presses":0}
2025-05-11 14:23:51,139 - TimeTracker - INFO - Отправляем пайлоад: {'application': 120, 'title': 'about:blank – Chromium', 'start_time': '2025-05-11T11:23:47.039721Z', 'end_time': '2025-05-11T11:23:50.042537Z', 'is_productive': False, 'app_name': 'chrome.exe', 'keyboard_presses': 0}
2025-05-11 14:23:51,233 - TimeTracker - INFO - Успешно отправлено: 201 - {"id":1650,"user":5,"application":122,"start_time":"2025-05-11T14:23:47.039721+03:00","end_time":"2025-05-11T14:23:50.042537+03:00","duration":"00:00:03.002816","keyboard_presses":0}
2025-05-11 14:23:51,233 - TimeTracker - INFO - Успешно отправлено 3 записей активности.
2025-05-11 14:23:53,046 - TimeTracker - INFO - Добавлено 0 нажатий клавиш в активность
2025-05-11 14:23:53,047 - TimeTracker - INFO - Завершена сессия активности: App='chrome.exe', Title='localhost – Chromium, Duration=3s. В очереди: 1
2025-05-11 14:23:53,048 - TimeTracker - INFO - Начата новая сессия активности: App='cursor.exe', Title='cd /c:/Users/mihai/Heist_maste...'
2025-05-11 14:23:58,832 - TimeTracker - INFO - Обновлен список приложений: 113 процессов
2025-05-11 14:24:00,863 - TimeTracker - INFO - Вычисленная длительность: 3.003708 секунд
2025-05-11 14:24:00,863 - TimeTracker - INFO - Для приложения chrome.exe выбран ID=120
2025-05-11 14:24:00,863 - TimeTracker - INFO - Отправка активности: start_time=2025-05-11T11:23:50.043388Z, end_time=2025-05-11T11:23:53.047096Z, длительность=3.003708 секунд
2025-05-11 14:24:00,863 - TimeTracker - INFO - Отправка 1 записей активности на сервер.
2025-05-11 14:24:00,863 - TimeTracker - INFO - API URL: http://46.173.26.149:8000/api/activities/, Токен: eyJhbGciOi...
2025-05-11 14:24:00,863 - TimeTracker - INFO - Отправляем пайлоад: {'application': 120, 'title': 'localhost – Chromium', 'start_time': '2025-05-11T11:23:50.043388Z', 'end_time': '2025-05-11T11:23:53.047096Z', 'is_productive': False, 'app_name': 'chrome.exe', 'keyboard_presses': 0}
2025-05-11 14:24:00,984 - TimeTracker - INFO - Успешно отправлено: 201 - {"id":1651,"user":5,"application":122,"start_time":"2025-05-11T14:23:50.043388+03:00","end_time":"2025-05-11T14:23:53.047096+03:00","duration":"00:00:03.003708","keyboard_presses":0}
2025-05-11 14:24:00,984 - TimeTracker - INFO - Успешно отправлено 1 записей активности.
2025-05-11 14:24:04,054 - TimeTracker - INFO - Добавлено 0 нажатий клавиш в активность
2025-05-11 14:24:04,054 - TimeTracker - INFO - Завершена сессия активности: App='cursor.exe', Title='cd /c:/Users/mihai/Heist_maste..., Duration=11s. В очереди: 1
2025-05-11 14:24:04,055 - TimeTracker - INFO - Начата новая сессия активности: App='cursor.exe', Title='views.py (Working Tree) (views...'
2025-05-11 14:24:06,057 - TimeTracker - INFO - Добавлено 0 нажатий клавиш в активность
2025-05-11 14:24:06,057 - TimeTracker - INFO - Завершена сессия активности: App='cursor.exe', Title='views.py (Working Tree) (views..., Duration=2s. В очереди: 2
2025-05-11 14:24:06,059 - TimeTracker - INFO - Начата новая сессия активности: App='cursor.exe', Title='views.py - Tracker33 - Cursor'
2025-05-11 14:24:08,737 - TimeTracker - INFO - Обновлен список приложений: 113 процессов
2025-05-11 14:24:10,853 - TimeTracker - INFO - Вычисленная длительность: 11.00632 секунд
2025-05-11 14:24:10,853 - TimeTracker - INFO - Для приложения cursor.exe выбран ID=124
2025-05-11 14:24:10,853 - TimeTracker - INFO - Отправляем клавиатурную активность: 5 нажатий
2025-05-11 14:24:10,853 - TimeTracker - INFO - Отправка активности: start_time=2025-05-11T11:23:53.047872Z, end_time=2025-05-11T11:24:04.054192Z, длительность=11.00632 секунд
2025-05-11 14:24:10,853 - TimeTracker - INFO - Вычисленная длительность: 2.002718 секунд
2025-05-11 14:24:10,853 - TimeTracker - INFO - Для приложения cursor.exe выбран ID=124
2025-05-11 14:24:10,853 - TimeTracker - INFO - Отправка активности: start_time=2025-05-11T11:24:04.055039Z, end_time=2025-05-11T11:24:06.057757Z, длительность=2.002718 секунд
2025-05-11 14:24:10,853 - TimeTracker - INFO - Отправка 2 записей активности на сервер.
2025-05-11 14:24:10,853 - TimeTracker - INFO - API URL: http://46.173.26.149:8000/api/activities/, Токен: eyJhbGciOi...
2025-05-11 14:24:10,853 - TimeTracker - INFO - Отправляем пайлоад: {'application': 124, 'title': 'cd /c:/Users/mihai/Heist_master_PC/Documents/GitHub/Tracker33 && python manage.py runserver - Tracker33 - Cursor', 'start_time': '2025-05-11T11:23:53.047872Z', 'end_time': '2025-05-11T11:24:04.054192Z', 'is_productive': True, 'app_name': 'cursor.exe', 'keyboard_presses': 5}
2025-05-11 14:24:10,942 - TimeTracker - INFO - Успешно отправлено: 201 - {"id":1652,"user":5,"application":125,"start_time":"2025-05-11T14:23:53.047872+03:00","end_time":"2025-05-11T14:24:04.054192+03:00","duration":"00:00:11.006320","keyboard_presses":5}
2025-05-11 14:24:10,942 - TimeTracker - INFO - Отправляем пайлоад: {'application': 124, 'title': 'views.py (Working Tree) (views.py) - Tracker33 - Cursor', 'start_time': '2025-05-11T11:24:04.055039Z', 'end_time': '2025-05-11T11:24:06.057757Z', 'is_productive': True, 'app_name': 'cursor.exe', 'keyboard_presses': 0}
2025-05-11 14:24:11,035 - TimeTracker - INFO - Успешно отправлено: 201 - {"id":1653,"user":5,"application":125,"start_time":"2025-05-11T14:24:04.055039+03:00","end_time":"2025-05-11T14:24:06.057757+03:00","duration":"00:00:02.002718","keyboard_presses":0}
2025-05-11 14:24:11,035 - TimeTracker - INFO - Успешно отправлено 2 записей активности.
2025-05-11 14:24:18,284 - TimeTracker - INFO - Проверка соединения: успешно
2025-05-11 14:24:18,351 - TimeTracker - WARNING - API клиент не инициализирован, синхронизация не выполнена
2025-05-11 14:24:18,726 - TimeTracker - INFO - Обновлен список приложений: 113 процессов
2025-05-11 14:24:28,847 - TimeTracker - INFO - Обновлен список приложений: 113 процессов
2025-05-11 14:24:38,974 - TimeTracker - INFO - Обновлен список приложений: 113 процессов
2025-05-11 14:24:48,303 - TimeTracker - INFO - Проверка соединения: успешно
2025-05-11 14:24:48,365 - TimeTracker - WARNING - API клиент не инициализирован, синхронизация не выполнена
2025-05-11 14:24:49,018 - TimeTracker - INFO - Обновлен список приложений: 112 процессов
2025-05-11 14:24:59,043 - TimeTracker - INFO - Обновлен список приложений: 112 процессов
2025-05-11 14:25:08,728 - TimeTracker - INFO - Обновлен список приложений: 112 процессов
2025-05-11 14:25:18,286 - TimeTracker - INFO - Проверка соединения: успешно
2025-05-11 14:25:18,840 - TimeTracker - INFO - Обновлен список приложений: 112 процессов
2025-05-11 14:25:23,094 - TimeTracker - INFO - Добавлено 3 нажатий клавиш в активность
2025-05-11 14:25:23,094 - TimeTracker - INFO - Завершена сессия активности: App='cursor.exe', Title='views.py - Tracker33 - Cursor, Duration=77s. В очереди: 1
2025-05-11 14:25:24,096 - TimeTracker - INFO - Начата новая сессия активности: App='WindowsTerminal.exe', Title='root@ixorvdlfzg: /home/heist/T...'
2025-05-11 14:25:28,355 - TimeTracker - WARNING - API клиент не инициализирован, синхронизация не выполнена
2025-05-11 14:25:28,711 - TimeTracker - INFO - Обновлен список приложений: 112 процессов
2025-05-11 14:25:30,895 - TimeTracker - INFO - Вычисленная длительность: 77.035814 секунд
2025-05-11 14:25:30,896 - TimeTracker - INFO - Для приложения cursor.exe выбран ID=124
2025-05-11 14:25:30,896 - TimeTracker - INFO - Отправка активности: start_time=2025-05-11T11:24:06.058617Z, end_time=2025-05-11T11:25:23.094431Z, длительность=77.035814 секунд
2025-05-11 14:25:30,896 - TimeTracker - INFO - Отправка 1 записей активности на сервер.
2025-05-11 14:25:30,896 - TimeTracker - INFO - API URL: http://46.173.26.149:8000/api/activities/, Токен: eyJhbGciOi...
2025-05-11 14:25:30,896 - TimeTracker - INFO - Отправляем пайлоад: {'application': 124, 'title': 'views.py - Tracker33 - Cursor', 'start_time': '2025-05-11T11:24:06.058617Z', 'end_time': '2025-05-11T11:25:23.094431Z', 'is_productive': True, 'app_name': 'cursor.exe', 'keyboard_presses': 3}
2025-05-11 14:25:31,094 - TimeTracker - INFO - Успешно отправлено: 201 - {"id":1654,"user":5,"application":125,"start_time":"2025-05-11T14:24:06.058617+03:00","end_time":"2025-05-11T14:25:23.094431+03:00","duration":"00:01:17.035814","keyboard_presses":3}
2025-05-11 14:25:31,094 - TimeTracker - INFO - Успешно отправлено 1 записей активности.
2025-05-11 14:25:33,101 - TimeTracker - INFO - Добавлено 19 нажатий клавиш в активность
2025-05-11 14:25:33,101 - TimeTracker - INFO - Завершена сессия активности: App='WindowsTerminal.exe', Title='root@ixorvdlfzg: /home/heist/T..., Duration=9s. В очереди: 1
2025-05-11 14:25:33,103 - TimeTracker - INFO - Начата новая сессия активности: App='chrome.exe', Title='Статистика - Time Tracker - Go...'
2025-05-11 14:25:38,776 - TimeTracker - INFO - Обновлен список приложений: 112 процессов
2025-05-11 14:25:40,885 - TimeTracker - INFO - Вычисленная длительность: 9.005037 секунд
2025-05-11 14:25:40,885 - TimeTracker - INFO - Отправляем запрос на создание приложения: http://46.173.26.149:8000/api/applications/
2025-05-11 14:25:41,083 - TimeTracker - INFO - Создано новое приложение: WindowsTerminal.exe с ID=126
2025-05-11 14:25:41,084 - TimeTracker - INFO - Для приложения WindowsTerminal.exe выбран ID=126
2025-05-11 14:25:41,084 - TimeTracker - INFO - Отправка активности: start_time=2025-05-11T11:25:24.096410Z, end_time=2025-05-11T11:25:33.101447Z, длительность=9.005037 секунд
2025-05-11 14:25:41,084 - TimeTracker - INFO - Отправка 1 записей активности на сервер.
2025-05-11 14:25:41,084 - TimeTracker - INFO - API URL: http://46.173.26.149:8000/api/activities/, Токен: eyJhbGciOi...
2025-05-11 14:25:41,084 - TimeTracker - INFO - Отправляем пайлоад: {'application': 126, 'title': 'root@ixorvdlfzg: /home/heist/Tracker33', 'start_time': '2025-05-11T11:25:24.096410Z', 'end_time': '2025-05-11T11:25:33.101447Z', 'is_productive': False, 'app_name': 'WindowsTerminal.exe', 'keyboard_presses': 19}
2025-05-11 14:25:41,254 - TimeTracker - INFO - Успешно отправлено: 201 - {"id":1655,"user":5,"application":127,"start_time":"2025-05-11T14:25:24.096410+03:00","end_time":"2025-05-11T14:25:33.101447+03:00","duration":"00:00:09.005037","keyboard_presses":19}
2025-05-11 14:25:41,255 - TimeTracker - INFO - Успешно отправлено 1 записей активности.
2025-05-11 14:25:43,107 - TimeTracker - INFO - Добавлено 0 нажатий клавиш в активность
2025-05-11 14:25:43,107 - TimeTracker - INFO - Завершена сессия активности: App='chrome.exe', Title='Статистика - Time Tracker - Go..., Duration=10s. В очереди: 1
2025-05-11 14:25:43,109 - TimeTracker - INFO - Начата новая сессия активности: App='chrome.exe', Title='Главная - Time Tracker - Googl...'
2025-05-11 14:25:45,111 - TimeTracker - INFO - Добавлено 0 нажатий клавиш в активность
2025-05-11 14:25:45,111 - TimeTracker - INFO - Завершена сессия активности: App='chrome.exe', Title='Главная - Time Tracker - Googl..., Duration=2s. В очереди: 2
2025-05-11 14:25:45,114 - TimeTracker - INFO - Начата новая сессия активности: App='chrome.exe', Title='Логи - Time Tracker - Google C...'
2025-05-11 14:25:48,311 - TimeTracker - INFO - Проверка соединения: успешно
2025-05-11 14:25:48,952 - TimeTracker - INFO - Обновлен список приложений: 112 процессов
2025-05-11 14:25:50,118 - TimeTracker - INFO - Добавлено 0 нажатий клавиш в активность
2025-05-11 14:25:50,119 - TimeTracker - INFO - Завершена сессия активности: App='chrome.exe', Title='Логи - Time Tracker - Google C..., Duration=5s. В очереди: 3
2025-05-11 14:25:50,123 - TimeTracker - INFO - Начата новая сессия активности: App='chrome.exe', Title='Последние скачанные файлы'
2025-05-11 14:25:50,898 - TimeTracker - INFO - Вычисленная длительность: 10.005482 секунд
2025-05-11 14:25:50,899 - TimeTracker - INFO - Для приложения chrome.exe выбран ID=120
2025-05-11 14:25:50,899 - TimeTracker - INFO - Отправляем клавиатурную активность: 2 нажатий
2025-05-11 14:25:50,899 - TimeTracker - INFO - Отправка активности: start_time=2025-05-11T11:25:33.102390Z, end_time=2025-05-11T11:25:43.107872Z, длительность=10.005482 секунд
2025-05-11 14:25:50,899 - TimeTracker - INFO - Вычисленная длительность: 2.002836 секунд
2025-05-11 14:25:50,899 - TimeTracker - INFO - Для приложения chrome.exe выбран ID=120
2025-05-11 14:25:50,899 - TimeTracker - INFO - Отправка активности: start_time=2025-05-11T11:25:43.108711Z, end_time=2025-05-11T11:25:45.111547Z, длительность=2.002836 секунд
2025-05-11 14:25:50,899 - TimeTracker - INFO - Вычисленная длительность: 5.006271 секунд
2025-05-11 14:25:50,899 - TimeTracker - INFO - Для приложения chrome.exe выбран ID=120
2025-05-11 14:25:50,899 - TimeTracker - INFO - Отправка активности: start_time=2025-05-11T11:25:45.112886Z, end_time=2025-05-11T11:25:50.119157Z, длительность=5.006271 секунд
2025-05-11 14:25:50,899 - TimeTracker - INFO - Отправка 3 записей активности на сервер.
2025-05-11 14:25:50,899 - TimeTracker - INFO - API URL: http://46.173.26.149:8000/api/activities/, Токен: eyJhbGciOi...
2025-05-11 14:25:50,899 - TimeTracker - INFO - Отправляем пайлоад: {'application': 120, 'title': 'Статистика - Time Tracker - Google Chrome', 'start_time': '2025-05-11T11:25:33.102390Z', 'end_time': '2025-05-11T11:25:43.107872Z', 'is_productive': False, 'app_name': 'chrome.exe', 'keyboard_presses': 2}
2025-05-11 14:25:51,015 - TimeTracker - INFO - Успешно отправлено: 201 - {"id":1656,"user":5,"application":122,"start_time":"2025-05-11T14:25:33.102390+03:00","end_time":"2025-05-11T14:25:43.107872+03:00","duration":"00:00:10.005482","keyboard_presses":2}
2025-05-11 14:25:51,015 - TimeTracker - INFO - Отправляем пайлоад: {'application': 120, 'title': 'Главная - Time Tracker - Google Chrome', 'start_time': '2025-05-11T11:25:43.108711Z', 'end_time': '2025-05-11T11:25:45.111547Z', 'is_productive': False, 'app_name': 'chrome.exe', 'keyboard_presses': 0}
2025-05-11 14:25:51,124 - TimeTracker - INFO - Добавлено 0 нажатий клавиш в активность
2025-05-11 14:25:51,124 - TimeTracker - INFO - Завершена сессия активности: App='chrome.exe', Title='Последние скачанные файлы, Duration=1s. В очереди: 1
2025-05-11 14:25:51,126 - TimeTracker - INFO - Успешно отправлено: 201 - {"id":1657,"user":5,"application":122,"start_time":"2025-05-11T14:25:43.108711+03:00","end_time":"2025-05-11T14:25:45.111547+03:00","duration":"00:00:02.002836","keyboard_presses":0}
2025-05-11 14:25:51,126 - TimeTracker - INFO - Отправляем пайлоад: {'application': 120, 'title': 'Логи - Time Tracker - Google Chrome', 'start_time': '2025-05-11T11:25:45.112886Z', 'end_time': '2025-05-11T11:25:50.119157Z', 'is_productive': False, 'app_name': 'chrome.exe', 'keyboard_presses': 0}
2025-05-11 14:25:51,235 - TimeTracker - INFO - Успешно отправлено: 201 - {"id":1658,"user":5,"application":122,"start_time":"2025-05-11T14:25:45.112886+03:00","end_time":"2025-05-11T14:25:50.119157+03:00","duration":"00:00:05.006271","keyboard_presses":0}
2025-05-11 14:25:51,235 - TimeTracker - INFO - Успешно отправлено 3 записей активности.
2025-05-11 14:25:57,128 - TimeTracker - INFO - Начата новая сессия активности: App='chrome.exe', Title='Window Dialog'
2025-05-11 14:25:58,129 - TimeTracker - INFO - Добавлено 0 нажатий клавиш в активность
2025-05-11 14:25:58,129 - TimeTracker - INFO - Завершена сессия активности: App='chrome.exe', Title='Window Dialog, Duration=1s. В очереди: 2
2025-05-11 14:25:58,384 - TimeTracker - WARNING - API клиент не инициализирован, синхронизация не выполнена
2025-05-11 14:25:58,827 - TimeTracker - INFO - Обновлен список приложений: 113 процессов
2025-05-11 14:26:00,892 - TimeTracker - INFO - Вычисленная длительность: 1.003264 секунд
2025-05-11 14:26:00,892 - TimeTracker - INFO - Для приложения chrome.exe выбран ID=120
2025-05-11 14:26:00,892 - TimeTracker - INFO - Отправка активности: start_time=2025-05-11T11:25:50.121001Z, end_time=2025-05-11T11:25:51.124265Z, длительность=1.003264 секунд
2025-05-11 14:26:00,893 - TimeTracker - INFO - Вычисленная длительность: 1.001863 секунд
2025-05-11 14:26:00,893 - TimeTracker - INFO - Для приложения chrome.exe выбран ID=120
2025-05-11 14:26:00,893 - TimeTracker - INFO - Отправка активности: start_time=2025-05-11T11:25:57.127589Z, end_time=2025-05-11T11:25:58.129452Z, длительность=1.001863 секунд
2025-05-11 14:26:00,893 - TimeTracker - INFO - Отправка 2 записей активности на сервер.
2025-05-11 14:26:00,893 - TimeTracker - INFO - API URL: http://46.173.26.149:8000/api/activities/, Токен: eyJhbGciOi...
2025-05-11 14:26:00,893 - TimeTracker - INFO - Отправляем пайлоад: {'application': 120, 'title': 'Последние скачанные файлы', 'start_time': '2025-05-11T11:25:50.121001Z', 'end_time': '2025-05-11T11:25:51.124265Z', 'is_productive': False, 'app_name': 'chrome.exe', 'keyboard_presses': 0}
2025-05-11 14:26:00,982 - TimeTracker - INFO - Успешно отправлено: 201 - {"id":1659,"user":5,"application":122,"start_time":"2025-05-11T14:25:50.121001+03:00","end_time":"2025-05-11T14:25:51.124265+03:00","duration":"00:00:01.003264","keyboard_presses":0}
2025-05-11 14:26:00,982 - TimeTracker - INFO - Отправляем пайлоад: {'application': 120, 'title': 'Window Dialog', 'start_time': '2025-05-11T11:25:57.127589Z', 'end_time': '2025-05-11T11:25:58.129452Z', 'is_productive': False, 'app_name': 'chrome.exe', 'keyboard_presses': 0}
2025-05-11 14:26:01,078 - TimeTracker - INFO - Успешно отправлено: 201 - {"id":1660,"user":5,"application":122,"start_time":"2025-05-11T14:25:57.127589+03:00","end_time":"2025-05-11T14:25:58.129452+03:00","duration":"00:00:01.001863","keyboard_presses":0}
2025-05-11 14:26:01,078 - TimeTracker - INFO - Успешно отправлено 2 записей активности.
2025-05-11 14:26:02,131 - TimeTracker - INFO - Начата новая сессия активности: App='chrome.exe', Title='Логи - Time Tracker - Google C...'
2025-05-11 14:26:04,134 - TimeTracker - INFO - Добавлено 0 нажатий клавиш в активность
2025-05-11 14:26:04,134 - TimeTracker - INFO - Завершена сессия активности: App='chrome.exe', Title='Логи - Time Tracker - Google C..., Duration=2s. В очереди: 1
2025-05-11 14:26:04,137 - TimeTracker - INFO - Начата новая сессия активности: App='TimeTracker.exe', Title='Time Tracker PRO'
2025-05-11 14:26:06,140 - TimeTracker - INFO - Добавлено 0 нажатий клавиш в активность
2025-05-11 14:26:06,140 - TimeTracker - INFO - Завершена сессия активности: App='TimeTracker.exe', Title='Time Tracker PRO, Duration=2s. В очереди: 2
2025-05-11 14:26:06,141 - TimeTracker - INFO - Начата новая сессия активности: App='TimeTracker.exe', Title='Выход'
2025-05-11 14:26:06,866 - TimeTracker - INFO - Добавлено 0 нажатий клавиш в активность
2025-05-11 14:26:06,866 - TimeTracker - INFO - Завершена сессия активности: App='TimeTracker.exe', Title='Выход, Duration=1s. В очереди: 3
2025-05-11 14:26:06,888 - TimeTracker - INFO - Keyboard listener остановлен
2025-05-11 14:26:06,888 - TimeTracker - INFO - Mouse listener остановлен
2025-05-11 14:26:06,889 - TimeTracker - INFO - Приложение завершает работу корректно.
